timestamp,panel_id,irradiance_w_m2,power_generated_kw,consumption_kw,net_energy_kw,battery_soc_kwh,temperature_c
2025-01-01 00:00:00,Panel_A,0.0,0.0025,0.2464,-0.2439,4.7561,30.8
2025-01-01 00:00:00,Panel_B,0.0,0.0,0.1312,-0.1312,4.6249,22.8
2025-01-01 00:00:00,Panel_C,0.0,0.0079,0.1041,-0.0962,4.5287,37.5
2025-01-01 01:00:00,Panel_A,0.0,0.0038,0.2665,-0.2627,4.266,23.8
2025-01-01 01:00:00,Panel_B,0.0,0.0,0.1608,-0.1608,4.1052,29.4
2025-01-01 01:00:00,Panel_C,0.0,0.0,0.1864,-0.1864,3.9188,25.2
2025-01-01 02:00:00,Panel_A,0.0,0.0,0.1584,-0.1584,3.7603,26.6
2025-01-01 02:00:00,Panel_B,0.0,0.0016,0.1912,-0.1896,3.5707,34.1
2025-01-01 02:00:00,Panel_C,0.0,0.0003,0.2185,-0.2181,3.3526,20.8
2025-01-01 03:00:00,Panel_A,0.0,0.0,0.2215,-0.2215,3.131,23.1
2025-01-01 03:00:00,Panel_B,0.0,0.0,0.2368,-0.2368,2.8942,27.9
2025-01-01 03:00:00,Panel_C,0.0,0.0,0.1244,-0.1244,2.7698,28.9
2025-01-01 04:00:00,Panel_A,0.0,0.0041,0.1623,-0.1582,2.6116,29.4
2025-01-01 04:00:00,Panel_B,0.0,0.0,0.2093,-0.2093,2.4022,23.3
2025-01-01 04:00:00,Panel_C,0.0,0.0037,0.1177,-0.114,2.2882,23.5
2025-01-01 05:00:00,Panel_A,0.0,0.0009,0.109,-0.1082,2.18,25.9
2025-01-01 05:00:00,Panel_B,0.0,0.0,0.2657,-0.2657,1.9143,26.4
2025-01-01 05:00:00,Panel_C,0.0,0.0,0.1562,-0.1562,1.7581,29.8
2025-01-01 06:00:00,Panel_A,200.26,0.0702,0.5522,-0.482,1.2761,37.8
2025-01-01 06:00:00,Panel_B,200.26,0.0667,0.5039,-0.4372,0.8389,34.7
2025-01-01 06:00:00,Panel_C,200.26,0.0792,0.9948,-0.9156,0.0,33.1
2025-01-01 07:00:00,Panel_A,246.4,0.0872,2.3631,-2.2759,0.0,31.2
2025-01-01 07:00:00,Panel_B,246.4,0.0838,1.811,-1.7271,0.0,25.9
2025-01-01 07:00:00,Panel_C,246.4,0.0927,2.2296,-2.1369,0.0,31.5
2025-01-01 08:00:00,Panel_A,412.76,0.1536,1.6196,-1.466,0.0,32.8
2025-01-01 08:00:00,Panel_B,412.76,0.1463,2.271,-2.1247,0.0,28.9
2025-01-01 08:00:00,Panel_C,412.76,0.1645,2.0227,-1.8582,0.0,27.7
2025-01-01 09:00:00,Panel_A,558.41,0.1995,1.8144,-1.6148,0.0,29.2
2025-01-01 09:00:00,Panel_B,558.41,0.1943,1.9104,-1.716,0.0,33.6
2025-01-01 09:00:00,Panel_C,558.41,0.214,1.7288,-1.5148,0.0,21.4
2025-01-01 10:00:00,Panel_A,639.07,0.2276,1.1508,-0.9232,0.0,34.5
2025-01-01 10:00:00,Panel_B,639.07,0.2283,1.0626,-0.8343,0.0,23.4
2025-01-01 10:00:00,Panel_C,639.07,0.2445,1.1248,-0.8803,0.0,29.7
2025-01-01 11:00:00,Panel_A,732.9,0.2622,0.6596,-0.3973,0.0,27.7
2025-01-01 11:00:00,Panel_B,732.9,0.258,0.5049,-0.2469,0.0,29.2
2025-01-01 11:00:00,Panel_C,732.9,0.2798,0.7922,-0.5124,0.0,24.0
2025-01-01 12:00:00,Panel_A,782.86,0.2778,1.16,-0.8822,0.0,25.8
2025-01-01 12:00:00,Panel_B,782.86,0.2834,0.7545,-0.4711,0.0,37.5
2025-01-01 12:00:00,Panel_C,782.86,0.2984,1.1737,-0.8754,0.0,24.5
2025-01-01 13:00:00,Panel_A,672.07,0.2418,0.6994,-0.4576,0.0,20.7
2025-01-01 13:00:00,Panel_B,672.07,0.2355,0.536,-0.3005,0.0,25.0
2025-01-01 13:00:00,Panel_C,672.07,0.2677,1.1358,-0.8681,0.0,24.3
2025-01-01 14:00:00,Panel_A,677.76,0.2381,1.19,-0.9518,0.0,24.4
2025-01-01 14:00:00,Panel_B,677.76,0.2429,0.6663,-0.4234,0.0,33.1
2025-01-01 14:00:00,Panel_C,677.76,0.2613,0.7574,-0.4961,0.0,31.4
2025-01-01 15:00:00,Panel_A,583.4,0.221,0.5632,-0.3422,0.0,35.0
2025-01-01 15:00:00,Panel_B,583.4,0.1992,0.5285,-0.3293,0.0,30.6
2025-01-01 15:00:00,Panel_C,583.4,0.2189,0.9743,-0.7554,0.0,20.3
2025-01-01 16:00:00,Panel_A,338.83,0.1223,0.9516,-0.8293,0.0,23.1
2025-01-01 16:00:00,Panel_B,338.83,0.114,1.1557,-1.0417,0.0,22.5
2025-01-01 16:00:00,Panel_C,338.83,0.1365,0.7387,-0.6022,0.0,22.0
2025-01-01 17:00:00,Panel_A,329.03,0.1123,1.0721,-0.9598,0.0,30.0
2025-01-01 17:00:00,Panel_B,329.03,0.1071,0.5652,-0.458,0.0,36.1
2025-01-01 17:00:00,Panel_C,329.03,0.126,1.1303,-1.0043,0.0,31.4
2025-01-01 18:00:00,Panel_A,122.21,0.0374,3.0889,-3.0515,0.0,36.1
2025-01-01 18:00:00,Panel_B,122.21,0.044,2.963,-2.919,0.0,21.5
2025-01-01 18:00:00,Panel_C,122.21,0.0482,2.2424,-2.1943,0.0,36.2
2025-01-01 19:00:00,Panel_A,0.0,0.0015,2.0076,-2.0061,0.0,22.9
2025-01-01 19:00:00,Panel_B,0.0,0.0,2.8231,-2.8231,0.0,32.5
2025-01-01 19:00:00,Panel_C,0.0,0.0,3.0683,-3.0683,0.0,24.3
2025-01-01 20:00:00,Panel_A,0.0,0.0033,2.4881,-2.4848,0.0,33.4
2025-01-01 20:00:00,Panel_B,0.0,0.0048,2.9864,-2.9816,0.0,30.2
2025-01-01 20:00:00,Panel_C,0.0,0.0021,2.1405,-2.1384,0.0,26.6
2025-01-01 21:00:00,Panel_A,0.0,0.0,3.4595,-3.4595,0.0,27.1
2025-01-01 21:00:00,Panel_B,0.0,0.0,3.3381,-3.3381,0.0,31.4
2025-01-01 21:00:00,Panel_C,0.0,0.0001,2.8654,-2.8653,0.0,28.9
2025-01-01 22:00:00,Panel_A,0.0,0.0073,2.2929,-2.2856,0.0,33.0
2025-01-01 22:00:00,Panel_B,0.0,0.0,3.4107,-3.4107,0.0,37.2
2025-01-01 22:00:00,Panel_C,0.0,0.0024,3.3723,-3.3699,0.0,26.7
2025-01-01 23:00:00,Panel_A,0.0,0.0024,1.1745,-1.1722,0.0,35.4
2025-01-01 23:00:00,Panel_B,0.0,0.0,0.7061,-0.7061,0.0,26.9
2025-01-01 23:00:00,Panel_C,0.0,0.0,0.6186,-0.6186,0.0,30.0
2025-01-02 00:00:00,Panel_A,0.0,0.0043,0.2872,-0.2829,0.0,32.5
2025-01-02 00:00:00,Panel_B,0.0,0.0,0.223,-0.223,0.0,37.8
2025-01-02 00:00:00,Panel_C,0.0,0.0008,0.128,-0.1272,0.0,29.3
2025-01-02 01:00:00,Panel_A,0.0,0.0018,0.2394,-0.2376,0.0,32.6
2025-01-02 01:00:00,Panel_B,0.0,0.0028,0.1719,-0.1691,0.0,25.3
2025-01-02 01:00:00,Panel_C,0.0,0.0026,0.2734,-0.2708,0.0,36.4
2025-01-02 02:00:00,Panel_A,0.0,0.0026,0.2023,-0.1997,0.0,29.0
2025-01-02 02:00:00,Panel_B,0.0,0.0029,0.2404,-0.2375,0.0,34.3
2025-01-02 02:00:00,Panel_C,0.0,0.0057,0.278,-0.2723,0.0,26.1
2025-01-02 03:00:00,Panel_A,0.0,0.0,0.2157,-0.2157,0.0,20.6
2025-01-02 03:00:00,Panel_B,0.0,0.0,0.1931,-0.1931,0.0,29.8
2025-01-02 03:00:00,Panel_C,0.0,0.0034,0.1061,-0.1027,0.0,20.7
2025-01-02 04:00:00,Panel_A,0.0,0.0,0.2645,-0.2645,0.0,26.5
2025-01-02 04:00:00,Panel_B,0.0,0.0003,0.254,-0.2537,0.0,23.9
2025-01-02 04:00:00,Panel_C,0.0,0.0,0.2246,-0.2246,0.0,21.5
2025-01-02 05:00:00,Panel_A,0.0,0.0002,0.2081,-0.2079,0.0,31.5
2025-01-02 05:00:00,Panel_B,0.0,0.0,0.2452,-0.2452,0.0,37.6
2025-01-02 05:00:00,Panel_C,0.0,0.0,0.259,-0.259,0.0,24.9
2025-01-02 06:00:00,Panel_A,193.38,0.0657,0.5177,-0.4521,0.0,37.3
2025-01-02 06:00:00,Panel_B,193.38,0.0671,1.0852,-1.0181,0.0,32.5
2025-01-02 06:00:00,Panel_C,193.38,0.0675,0.6095,-0.542,0.0,24.5
2025-01-02 07:00:00,Panel_A,271.63,0.1066,2.1602,-2.0536,0.0,25.0
2025-01-02 07:00:00,Panel_B,271.63,0.0971,2.4549,-2.3578,0.0,33.3
2025-01-02 07:00:00,Panel_C,271.63,0.1138,1.9196,-1.8058,0.0,24.5
2025-01-02 08:00:00,Panel_A,467.98,0.1748,1.5144,-1.3396,0.0,22.1
2025-01-02 08:00:00,Panel_B,467.98,0.1603,1.546,-1.3857,0.0,20.7
2025-01-02 08:00:00,Panel_C,467.98,0.1801,1.9742,-1.7941,0.0,21.8
2025-01-02 09:00:00,Panel_A,592.79,0.1972,1.6732,-1.476,0.0,27.8
2025-01-02 09:00:00,Panel_B,592.79,0.2024,1.8985,-1.6962,0.0,31.1
2025-01-02 09:00:00,Panel_C,592.79,0.2231,1.8746,-1.6516,0.0,31.3
2025-01-02 10:00:00,Panel_A,686.03,0.2528,0.9611,-0.7083,0.0,22.9
2025-01-02 10:00:00,Panel_B,686.03,0.2402,0.5494,-0.3092,0.0,31.6
2025-01-02 10:00:00,Panel_C,686.03,0.261,1.1582,-0.8971,0.0,30.4
2025-01-02 11:00:00,Panel_A,748.74,0.2775,0.8208,-0.5433,0.0,29.8
2025-01-02 11:00:00,Panel_B,748.74,0.2559,1.159,-0.9032,0.0,26.9
2025-01-02 11:00:00,Panel_C,748.74,0.2859,0.5498,-0.2639,0.0,25.7
2025-01-02 12:00:00,Panel_A,768.87,0.2738,0.5827,-0.3089,0.0,32.5
2025-01-02 12:00:00,Panel_B,768.87,0.2734,0.9403,-0.6669,0.0,35.8
2025-01-02 12:00:00,Panel_C,768.87,0.2962,0.6974,-0.4012,0.0,23.2
2025-01-02 13:00:00,Panel_A,799.49,0.2916,1.1934,-0.9018,0.0,27.4
2025-01-02 13:00:00,Panel_B,799.49,0.2829,0.7604,-0.4775,0.0,34.0
2025-01-02 13:00:00,Panel_C,799.49,0.3065,1.1009,-0.7943,0.0,27.7
2025-01-02 14:00:00,Panel_A,669.38,0.2451,0.5722,-0.3271,0.0,36.2
2025-01-02 14:00:00,Panel_B,669.38,0.2384,0.8537,-0.6153,0.0,34.9
2025-01-02 14:00:00,Panel_C,669.38,0.2578,0.7724,-0.5147,0.0,20.2
2025-01-02 15:00:00,Panel_A,538.54,0.1955,1.1654,-0.9699,0.0,30.3
2025-01-02 15:00:00,Panel_B,538.54,0.1878,0.9423,-0.7544,0.0,28.1
2025-01-02 15:00:00,Panel_C,538.54,0.1996,0.9708,-0.7711,0.0,33.5
2025-01-02 16:00:00,Panel_A,355.65,0.1312,0.5638,-0.4327,0.0,28.9
2025-01-02 16:00:00,Panel_B,355.65,0.1276,0.5403,-0.4127,0.0,29.9
2025-01-02 16:00:00,Panel_C,355.65,0.14,0.7456,-0.6056,0.0,22.1
2025-01-02 17:00:00,Panel_A,281.01,0.1032,0.9328,-0.8295,0.0,21.8
2025-01-02 17:00:00,Panel_B,281.01,0.0955,0.5589,-0.4633,0.0,32.6
2025-01-02 17:00:00,Panel_C,281.01,0.1044,0.5594,-0.455,0.0,37.8
2025-01-02 18:00:00,Panel_A,195.66,0.0632,3.2192,-3.156,0.0,37.1
2025-01-02 18:00:00,Panel_B,195.66,0.0614,3.479,-3.4176,0.0,33.6
2025-01-02 18:00:00,Panel_C,195.66,0.0708,3.1657,-3.095,0.0,30.1
2025-01-02 19:00:00,Panel_A,0.0,0.0,2.6363,-2.6363,0.0,36.3
2025-01-02 19:00:00,Panel_B,0.0,0.0,2.017,-2.017,0.0,28.4
2025-01-02 19:00:00,Panel_C,0.0,0.0,2.0845,-2.0845,0.0,22.1
2025-01-02 20:00:00,Panel_A,0.0,0.0016,3.1191,-3.1175,0.0,30.5
2025-01-02 20:00:00,Panel_B,0.0,0.0,3.4433,-3.4433,0.0,26.7
2025-01-02 20:00:00,Panel_C,0.0,0.0035,2.3354,-2.3319,0.0,37.3
2025-01-02 21:00:00,Panel_A,0.0,0.0,2.0182,-2.0182,0.0,37.5
2025-01-02 21:00:00,Panel_B,0.0,0.0011,2.1107,-2.1096,0.0,30.0
2025-01-02 21:00:00,Panel_C,0.0,0.0001,3.454,-3.4539,0.0,29.4
2025-01-02 22:00:00,Panel_A,0.0,0.0073,2.6818,-2.6746,0.0,31.3
2025-01-02 22:00:00,Panel_B,0.0,0.0048,2.8765,-2.8717,0.0,36.2
2025-01-02 22:00:00,Panel_C,0.0,0.0109,2.4161,-2.4051,0.0,23.4
2025-01-02 23:00:00,Panel_A,0.0,0.0,0.8246,-0.8246,0.0,26.4
2025-01-02 23:00:00,Panel_B,0.0,0.0,1.1821,-1.1821,0.0,37.8
2025-01-02 23:00:00,Panel_C,0.0,0.0008,0.9887,-0.988,0.0,29.6
2025-01-03 00:00:00,Panel_A,0.0,0.0048,0.2369,-0.2322,0.0,22.9
2025-01-03 00:00:00,Panel_B,0.0,0.0,0.2822,-0.2822,0.0,34.8
2025-01-03 00:00:00,Panel_C,0.0,0.0,0.2865,-0.2865,0.0,35.6
2025-01-03 01:00:00,Panel_A,0.0,0.0092,0.109,-0.0999,0.0,20.5
2025-01-03 01:00:00,Panel_B,0.0,0.0059,0.2975,-0.2916,0.0,22.7
2025-01-03 01:00:00,Panel_C,0.0,0.0,0.2188,-0.2188,0.0,26.9
2025-01-03 02:00:00,Panel_A,0.0,0.0,0.183,-0.183,0.0,24.9
2025-01-03 02:00:00,Panel_B,0.0,0.0062,0.1113,-0.1051,0.0,35.6
2025-01-03 02:00:00,Panel_C,0.0,0.0,0.2538,-0.2538,0.0,37.0
2025-01-03 03:00:00,Panel_A,0.0,0.0002,0.2699,-0.2697,0.0,24.5
2025-01-03 03:00:00,Panel_B,0.0,0.0,0.2908,-0.2908,0.0,30.9
2025-01-03 03:00:00,Panel_C,0.0,0.0,0.1457,-0.1457,0.0,32.1
2025-01-03 04:00:00,Panel_A,0.0,0.0,0.1227,-0.1227,0.0,32.1
2025-01-03 04:00:00,Panel_B,0.0,0.0064,0.2041,-0.1977,0.0,33.9
2025-01-03 04:00:00,Panel_C,0.0,0.0059,0.2104,-0.2045,0.0,30.1
2025-01-03 05:00:00,Panel_A,0.0,0.0003,0.2753,-0.275,0.0,27.3
2025-01-03 05:00:00,Panel_B,0.0,0.0032,0.2408,-0.2376,0.0,23.8
2025-01-03 05:00:00,Panel_C,0.0,0.0068,0.1273,-0.1204,0.0,20.3
2025-01-03 06:00:00,Panel_A,236.97,0.0765,0.7746,-0.6981,0.0,27.9
2025-01-03 06:00:00,Panel_B,236.97,0.0816,0.8598,-0.7782,0.0,34.1
2025-01-03 06:00:00,Panel_C,236.97,0.0936,0.7776,-0.6839,0.0,31.2
2025-01-03 07:00:00,Panel_A,203.19,0.0729,1.9591,-1.8863,0.0,37.6
2025-01-03 07:00:00,Panel_B,203.19,0.0608,2.1334,-2.0726,0.0,24.3
2025-01-03 07:00:00,Panel_C,203.19,0.0768,1.5759,-1.4991,0.0,22.3
2025-01-03 08:00:00,Panel_A,434.69,0.1518,1.6819,-1.5301,0.0,26.2
2025-01-03 08:00:00,Panel_B,434.69,0.1518,2.1676,-2.0157,0.0,23.1
2025-01-03 08:00:00,Panel_C,434.69,0.17,1.6923,-1.5223,0.0,20.7
2025-01-03 09:00:00,Panel_A,527.54,0.186,1.677,-1.4911,0.0,21.6
2025-01-03 09:00:00,Panel_B,527.54,0.1841,1.7063,-1.5222,0.0,26.6
2025-01-03 09:00:00,Panel_C,527.54,0.1953,2.0034,-1.8081,0.0,32.4
2025-01-03 10:00:00,Panel_A,644.51,0.2331,1.1115,-0.8784,0.0,36.6
2025-01-03 10:00:00,Panel_B,644.51,0.225,1.0643,-0.8393,0.0,33.5
2025-01-03 10:00:00,Panel_C,644.51,0.2438,0.6292,-0.3854,0.0,23.8
2025-01-03 11:00:00,Panel_A,754.25,0.26,0.9328,-0.6728,0.0,26.6
2025-01-03 11:00:00,Panel_B,754.25,0.2722,0.5257,-0.2535,0.0,24.5
2025-01-03 11:00:00,Panel_C,754.25,0.2854,0.9993,-0.714,0.0,36.1
2025-01-03 12:00:00,Panel_A,953.94,0.349,0.575,-0.226,0.0,28.1
2025-01-03 12:00:00,Panel_B,953.94,0.3258,0.6885,-0.3626,0.0,26.8
2025-01-03 12:00:00,Panel_C,953.94,0.3635,0.514,-0.1505,0.0,25.8
2025-01-03 13:00:00,Panel_A,735.68,0.2594,0.5838,-0.3244,0.0,36.0
2025-01-03 13:00:00,Panel_B,735.68,0.2659,1.0524,-0.7865,0.0,29.0
2025-01-03 13:00:00,Panel_C,735.68,0.284,0.5608,-0.2769,0.0,29.7
2025-01-03 14:00:00,Panel_A,755.65,0.2747,0.8022,-0.5274,0.0,22.3
2025-01-03 14:00:00,Panel_B,755.65,0.2601,0.9521,-0.692,0.0,30.3
2025-01-03 14:00:00,Panel_C,755.65,0.2802,0.7493,-0.469,0.0,37.8
2025-01-03 15:00:00,Panel_A,484.13,0.1771,0.5712,-0.3941,0.0,22.8
2025-01-03 15:00:00,Panel_B,484.13,0.1662,0.6306,-0.4644,0.0,25.1
2025-01-03 15:00:00,Panel_C,484.13,0.1815,0.6214,-0.4398,0.0,36.1
2025-01-03 16:00:00,Panel_A,418.79,0.1466,0.7873,-0.6407,0.0,37.7
2025-01-03 16:00:00,Panel_B,418.79,0.1454,1.1786,-1.0332,0.0,35.6
2025-01-03 16:00:00,Panel_C,418.79,0.1546,1.072,-0.9173,0.0,24.6
2025-01-03 17:00:00,Panel_A,313.4,0.1079,1.1506,-1.0426,0.0,30.0
2025-01-03 17:00:00,Panel_B,313.4,0.1013,1.0386,-0.9373,0.0,23.4
2025-01-03 17:00:00,Panel_C,313.4,0.1218,0.7266,-0.6048,0.0,27.7
2025-01-03 18:00:00,Panel_A,102.68,0.0372,2.1723,-2.1351,0.0,31.0
2025-01-03 18:00:00,Panel_B,102.68,0.0391,2.2315,-2.1924,0.0,28.7
2025-01-03 18:00:00,Panel_C,102.68,0.0307,2.7989,-2.7682,0.0,20.9
2025-01-03 19:00:00,Panel_A,0.0,0.0,2.0951,-2.0951,0.0,37.8
2025-01-03 19:00:00,Panel_B,0.0,0.0,2.4835,-2.4835,0.0,34.6
2025-01-03 19:00:00,Panel_C,0.0,0.0042,3.1403,-3.1362,0.0,30.7
2025-01-03 20:00:00,Panel_A,0.0,0.0,2.7074,-2.7074,0.0,27.4
2025-01-03 20:00:00,Panel_B,0.0,0.0029,3.2459,-3.243,0.0,37.4
2025-01-03 20:00:00,Panel_C,0.0,0.0,2.1864,-2.1864,0.0,33.2
2025-01-03 21:00:00,Panel_A,0.0,0.0004,2.8617,-2.8613,0.0,35.2
2025-01-03 21:00:00,Panel_B,0.0,0.0,2.2097,-2.2097,0.0,34.3
2025-01-03 21:00:00,Panel_C,0.0,0.0,2.2464,-2.2464,0.0,34.7
2025-01-03 22:00:00,Panel_A,0.0,0.0,2.9978,-2.9978,0.0,29.4
2025-01-03 22:00:00,Panel_B,0.0,0.0044,2.5887,-2.5843,0.0,34.7
2025-01-03 22:00:00,Panel_C,0.0,0.0,2.6587,-2.6587,0.0,26.8
2025-01-03 23:00:00,Panel_A,0.0,0.0,1.0233,-1.0233,0.0,29.0
2025-01-03 23:00:00,Panel_B,0.0,0.0,0.6625,-0.6625,0.0,36.2
2025-01-03 23:00:00,Panel_C,0.0,0.0041,1.1345,-1.1304,0.0,31.2
2025-01-04 00:00:00,Panel_A,0.0,0.0,0.1234,-0.1234,0.0,36.9
2025-01-04 00:00:00,Panel_B,0.0,0.0,0.1279,-0.1279,0.0,34.3
2025-01-04 00:00:00,Panel_C,0.0,0.0057,0.224,-0.2183,0.0,29.6
2025-01-04 01:00:00,Panel_A,0.0,0.0009,0.1303,-0.1294,0.0,25.6
2025-01-04 01:00:00,Panel_B,0.0,0.0012,0.1497,-0.1485,0.0,33.4
2025-01-04 01:00:00,Panel_C,0.0,0.0004,0.2525,-0.2521,0.0,35.8
2025-01-04 02:00:00,Panel_A,0.0,0.0,0.1684,-0.1684,0.0,34.8
2025-01-04 02:00:00,Panel_B,0.0,0.0,0.2595,-0.2595,0.0,22.7
2025-01-04 02:00:00,Panel_C,0.0,0.0,0.1459,-0.1459,0.0,33.0
2025-01-04 03:00:00,Panel_A,0.0,0.0043,0.2388,-0.2344,0.0,29.8
2025-01-04 03:00:00,Panel_B,0.0,0.0068,0.1504,-0.1436,0.0,26.2
2025-01-04 03:00:00,Panel_C,0.0,0.0,0.1924,-0.1924,0.0,37.1
2025-01-04 04:00:00,Panel_A,0.0,0.0075,0.1307,-0.1232,0.0,30.6
2025-01-04 04:00:00,Panel_B,0.0,0.0122,0.1036,-0.0914,0.0,35.7
2025-01-04 04:00:00,Panel_C,0.0,0.0006,0.2864,-0.2858,0.0,30.2
2025-01-04 05:00:00,Panel_A,0.0,0.0024,0.2414,-0.239,0.0,22.7
2025-01-04 05:00:00,Panel_B,0.0,0.0011,0.2153,-0.2141,0.0,30.9
2025-01-04 05:00:00,Panel_C,0.0,0.008,0.2869,-0.2789,0.0,36.7
2025-01-04 06:00:00,Panel_A,158.49,0.0521,1.1894,-1.1373,0.0,35.1
2025-01-04 06:00:00,Panel_B,158.49,0.0548,0.5873,-0.5324,0.0,36.6
2025-01-04 06:00:00,Panel_C,158.49,0.0605,0.9139,-0.8534,0.0,27.2
2025-01-04 07:00:00,Panel_A,343.07,0.1227,2.3029,-2.1801,0.0,20.1
2025-01-04 07:00:00,Panel_B,343.07,0.1179,1.8335,-1.7156,0.0,27.2
2025-01-04 07:00:00,Panel_C,343.07,0.1345,1.8463,-1.7119,0.0,26.2
2025-01-04 08:00:00,Panel_A,420.03,0.1495,1.7246,-1.5751,0.0,28.1
2025-01-04 08:00:00,Panel_B,420.03,0.1554,1.6409,-1.4855,0.0,23.2
2025-01-04 08:00:00,Panel_C,420.03,0.1461,2.4148,-2.2687,0.0,26.5
2025-01-04 09:00:00,Panel_A,551.34,0.2077,1.5131,-1.3054,0.0,31.9
2025-01-04 09:00:00,Panel_B,551.34,0.1986,1.678,-1.4794,0.0,37.3
2025-01-04 09:00:00,Panel_C,551.34,0.2082,1.5853,-1.3772,0.0,37.9
2025-01-04 10:00:00,Panel_A,624.17,0.2376,0.547,-0.3094,0.0,33.5
2025-01-04 10:00:00,Panel_B,624.17,0.2188,0.6469,-0.4282,0.0,36.2
2025-01-04 10:00:00,Panel_C,624.17,0.2343,0.5256,-0.2913,0.0,28.5
2025-01-04 11:00:00,Panel_A,740.66,0.2631,1.0429,-0.7798,0.0,28.2
2025-01-04 11:00:00,Panel_B,740.66,0.2598,0.8671,-0.6073,0.0,27.9
2025-01-04 11:00:00,Panel_C,740.66,0.2877,0.6087,-0.321,0.0,23.3
2025-01-04 12:00:00,Panel_A,696.33,0.2436,0.9508,-0.7072,0.0,27.4
2025-01-04 12:00:00,Panel_B,696.33,0.2398,0.5178,-0.2779,0.0,22.8
2025-01-04 12:00:00,Panel_C,696.33,0.2693,0.519,-0.2497,0.0,24.0
2025-01-04 13:00:00,Panel_A,831.58,0.303,0.5138,-0.2108,0.0,21.9
2025-01-04 13:00:00,Panel_B,831.58,0.2854,1.0599,-0.7745,0.0,23.2
2025-01-04 13:00:00,Panel_C,831.58,0.3099,0.5696,-0.2597,0.0,24.4
2025-01-04 14:00:00,Panel_A,715.14,0.261,1.0812,-0.8201,0.0,27.1
2025-01-04 14:00:00,Panel_B,715.14,0.2525,0.9677,-0.7151,0.0,23.7
2025-01-04 14:00:00,Panel_C,715.14,0.2747,0.5091,-0.2344,0.0,21.5
2025-01-04 15:00:00,Panel_A,538.58,0.1955,0.795,-0.5995,0.0,36.1
2025-01-04 15:00:00,Panel_B,538.58,0.1822,1.0722,-0.89,0.0,26.2
2025-01-04 15:00:00,Panel_C,538.58,0.2011,0.9132,-0.7121,0.0,24.8
2025-01-04 16:00:00,Panel_A,345.94,0.1181,0.8864,-0.7683,0.0,27.9
2025-01-04 16:00:00,Panel_B,345.94,0.1299,0.7061,-0.5763,0.0,37.1
2025-01-04 16:00:00,Panel_C,345.94,0.1287,1.1079,-0.9792,0.0,28.8
2025-01-04 17:00:00,Panel_A,308.32,0.1116,0.7976,-0.6861,0.0,20.4
2025-01-04 17:00:00,Panel_B,308.32,0.1087,0.6881,-0.5794,0.0,29.7
2025-01-04 17:00:00,Panel_C,308.32,0.1104,0.5975,-0.4871,0.0,35.0
2025-01-04 18:00:00,Panel_A,221.22,0.0797,2.2575,-2.1778,0.0,24.9
2025-01-04 18:00:00,Panel_B,221.22,0.0792,2.0276,-1.9484,0.0,36.5
2025-01-04 18:00:00,Panel_C,221.22,0.085,2.4111,-2.326,0.0,30.0
2025-01-04 19:00:00,Panel_A,0.0,0.0,2.9771,-2.9771,0.0,34.9
2025-01-04 19:00:00,Panel_B,0.0,0.0013,2.9008,-2.8995,0.0,32.0
2025-01-04 19:00:00,Panel_C,0.0,0.0049,2.2631,-2.2581,0.0,36.5
2025-01-04 20:00:00,Panel_A,0.0,0.0,2.7784,-2.7784,0.0,20.8
2025-01-04 20:00:00,Panel_B,0.0,0.0,2.2494,-2.2494,0.0,33.3
2025-01-04 20:00:00,Panel_C,0.0,0.0009,2.368,-2.3671,0.0,27.0
2025-01-04 21:00:00,Panel_A,0.0,0.0,2.433,-2.433,0.0,26.4
2025-01-04 21:00:00,Panel_B,0.0,0.0,2.8496,-2.8496,0.0,28.6
2025-01-04 21:00:00,Panel_C,0.0,0.0053,2.9955,-2.9902,0.0,36.9
2025-01-04 22:00:00,Panel_A,0.0,0.0,2.0468,-2.0468,0.0,24.7
2025-01-04 22:00:00,Panel_B,0.0,0.0035,2.8926,-2.8891,0.0,20.9
2025-01-04 22:00:00,Panel_C,0.0,0.0128,2.5014,-2.4886,0.0,33.9
2025-01-04 23:00:00,Panel_A,0.0,0.0,0.5746,-0.5746,0.0,21.4
2025-01-04 23:00:00,Panel_B,0.0,0.0,0.9819,-0.9819,0.0,27.8
2025-01-04 23:00:00,Panel_C,0.0,0.0089,0.6725,-0.6636,0.0,34.7
2025-01-05 00:00:00,Panel_A,0.0,0.0032,0.1544,-0.1513,0.0,30.6
2025-01-05 00:00:00,Panel_B,0.0,0.0049,0.1722,-0.1673,0.0,21.6
2025-01-05 00:00:00,Panel_C,0.0,0.0,0.137,-0.137,0.0,29.8
2025-01-05 01:00:00,Panel_A,0.0,0.0031,0.2746,-0.2715,0.0,33.2
2025-01-05 01:00:00,Panel_B,0.0,0.0028,0.2385,-0.2357,0.0,35.3
2025-01-05 01:00:00,Panel_C,0.0,0.0054,0.1499,-0.1445,0.0,28.8
2025-01-05 02:00:00,Panel_A,0.0,0.0021,0.1361,-0.134,0.0,30.2
2025-01-05 02:00:00,Panel_B,0.0,0.001,0.2831,-0.2821,0.0,20.6
2025-01-05 02:00:00,Panel_C,0.0,0.0,0.2849,-0.2849,0.0,37.5
2025-01-05 03:00:00,Panel_A,0.0,0.0053,0.2889,-0.2836,0.0,28.5
2025-01-05 03:00:00,Panel_B,0.0,0.0001,0.1638,-0.1637,0.0,34.9
2025-01-05 03:00:00,Panel_C,0.0,0.0001,0.1074,-0.1073,0.0,30.7
2025-01-05 04:00:00,Panel_A,0.0,0.0,0.1154,-0.1154,0.0,32.5
2025-01-05 04:00:00,Panel_B,0.0,0.0,0.168,-0.168,0.0,33.0
2025-01-05 04:00:00,Panel_C,0.0,0.0,0.2079,-0.2079,0.0,34.2
2025-01-05 05:00:00,Panel_A,0.0,0.0,0.1638,-0.1638,0.0,31.3
2025-01-05 05:00:00,Panel_B,0.0,0.0013,0.1466,-0.1453,0.0,20.4
2025-01-05 05:00:00,Panel_C,0.0,0.0044,0.274,-0.2696,0.0,20.4
2025-01-05 06:00:00,Panel_A,188.17,0.0731,1.1573,-1.0843,0.0,34.4
2025-01-05 06:00:00,Panel_B,188.17,0.0633,0.8359,-0.7726,0.0,31.3
2025-01-05 06:00:00,Panel_C,188.17,0.0786,1.1116,-1.033,0.0,37.7
2025-01-05 07:00:00,Panel_A,266.08,0.1031,1.9214,-1.8183,0.0,33.3
2025-01-05 07:00:00,Panel_B,266.08,0.091,1.8546,-1.7636,0.0,25.2
2025-01-05 07:00:00,Panel_C,266.08,0.0997,1.7963,-1.6966,0.0,24.2
2025-01-05 08:00:00,Panel_A,414.63,0.1504,1.8843,-1.7339,0.0,32.2
2025-01-05 08:00:00,Panel_B,414.63,0.15,2.4447,-2.2947,0.0,28.4
2025-01-05 08:00:00,Panel_C,414.63,0.1565,2.1134,-1.9569,0.0,23.0
2025-01-05 09:00:00,Panel_A,562.38,0.2049,2.1077,-1.9028,0.0,29.2
2025-01-05 09:00:00,Panel_B,562.38,0.1936,1.7205,-1.5268,0.0,23.4
2025-01-05 09:00:00,Panel_C,562.38,0.211,2.2796,-2.0685,0.0,26.3
2025-01-05 10:00:00,Panel_A,750.52,0.2673,0.9872,-0.7199,0.0,22.8
2025-01-05 10:00:00,Panel_B,750.52,0.2599,0.6567,-0.3968,0.0,29.7
2025-01-05 10:00:00,Panel_C,750.52,0.2884,0.9151,-0.6267,0.0,30.4
2025-01-05 11:00:00,Panel_A,737.36,0.2635,1.1221,-0.8586,0.0,37.2
2025-01-05 11:00:00,Panel_B,737.36,0.2595,0.9587,-0.6992,0.0,29.9
2025-01-05 11:00:00,Panel_C,737.36,0.2819,0.5609,-0.279,0.0,27.4
2025-01-05 12:00:00,Panel_A,731.03,0.2595,1.0064,-0.7469,0.0,28.9
2025-01-05 12:00:00,Panel_B,731.03,0.2533,1.0958,-0.8426,0.0,28.9
2025-01-05 12:00:00,Panel_C,731.03,0.2789,0.8364,-0.5575,0.0,30.7
2025-01-05 13:00:00,Panel_A,743.53,0.2729,0.9746,-0.7017,0.0,30.2
2025-01-05 13:00:00,Panel_B,743.53,0.2632,1.0582,-0.795,0.0,31.9
2025-01-05 13:00:00,Panel_C,743.53,0.2807,1.0954,-0.8147,0.0,35.6
2025-01-05 14:00:00,Panel_A,720.52,0.2619,0.9882,-0.7263,0.0,32.2
2025-01-05 14:00:00,Panel_B,720.52,0.2591,0.611,-0.3519,0.0,35.9
2025-01-05 14:00:00,Panel_C,720.52,0.277,1.1103,-0.8333,0.0,20.5
2025-01-05 15:00:00,Panel_A,545.7,0.1972,0.7346,-0.5374,0.0,33.4
2025-01-05 15:00:00,Panel_B,545.7,0.1928,1.0825,-0.8897,0.0,29.1
2025-01-05 15:00:00,Panel_C,545.7,0.2054,0.5045,-0.2991,0.0,25.2
2025-01-05 16:00:00,Panel_A,425.92,0.1536,0.9423,-0.7887,0.0,24.7
2025-01-05 16:00:00,Panel_B,425.92,0.1523,1.0459,-0.8936,0.0,21.9
2025-01-05 16:00:00,Panel_C,425.92,0.1727,1.0327,-0.8601,0.0,29.7
2025-01-05 17:00:00,Panel_A,283.59,0.1035,0.9428,-0.8393,0.0,36.8
2025-01-05 17:00:00,Panel_B,283.59,0.097,0.7107,-0.6136,0.0,32.7
2025-01-05 17:00:00,Panel_C,283.59,0.1087,0.5471,-0.4384,0.0,30.5
2025-01-05 18:00:00,Panel_A,243.81,0.0802,2.0686,-1.9885,0.0,35.7
2025-01-05 18:00:00,Panel_B,243.81,0.0825,3.1374,-3.0549,0.0,20.4
2025-01-05 18:00:00,Panel_C,243.81,0.0945,2.0332,-1.9387,0.0,25.8
2025-01-05 19:00:00,Panel_A,0.0,0.0078,3.0249,-3.0171,0.0,28.0
2025-01-05 19:00:00,Panel_B,0.0,0.0,2.4104,-2.4104,0.0,37.9
2025-01-05 19:00:00,Panel_C,0.0,0.0,2.2454,-2.2454,0.0,34.3
2025-01-05 20:00:00,Panel_A,0.0,0.0,3.0405,-3.0405,0.0,24.0
2025-01-05 20:00:00,Panel_B,0.0,0.0012,2.9818,-2.9805,0.0,24.9
2025-01-05 20:00:00,Panel_C,0.0,0.0,3.4263,-3.4263,0.0,22.7
2025-01-05 21:00:00,Panel_A,0.0,0.0033,2.6296,-2.6263,0.0,31.5
2025-01-05 21:00:00,Panel_B,0.0,0.0,2.5964,-2.5964,0.0,24.9
2025-01-05 21:00:00,Panel_C,0.0,0.0,3.3411,-3.3411,0.0,24.1
2025-01-05 22:00:00,Panel_A,0.0,0.0012,2.3197,-2.3184,0.0,20.6
2025-01-05 22:00:00,Panel_B,0.0,0.0,3.2965,-3.2965,0.0,28.5
2025-01-05 22:00:00,Panel_C,0.0,0.0072,3.4523,-3.4451,0.0,23.3
2025-01-05 23:00:00,Panel_A,0.0,0.0017,1.0396,-1.0379,0.0,35.2
2025-01-05 23:00:00,Panel_B,0.0,0.0023,1.0327,-1.0304,0.0,31.3
2025-01-05 23:00:00,Panel_C,0.0,0.001,1.0576,-1.0566,0.0,28.7
2025-01-06 00:00:00,Panel_A,0.0,0.0035,0.1235,-0.1199,0.0,22.3
2025-01-06 00:00:00,Panel_B,0.0,0.0,0.1401,-0.1401,0.0,28.8
2025-01-06 00:00:00,Panel_C,0.0,0.009,0.1128,-0.1038,0.0,30.5
2025-01-06 01:00:00,Panel_A,0.0,0.0042,0.1621,-0.1579,0.0,28.2
2025-01-06 01:00:00,Panel_B,0.0,0.0,0.1023,-0.1023,0.0,21.3
2025-01-06 01:00:00,Panel_C,0.0,0.0,0.22,-0.22,0.0,25.2
2025-01-06 02:00:00,Panel_A,0.0,0.0,0.239,-0.239,0.0,35.5
2025-01-06 02:00:00,Panel_B,0.0,0.0,0.1484,-0.1484,0.0,37.8
2025-01-06 02:00:00,Panel_C,0.0,0.0,0.1285,-0.1285,0.0,29.0
2025-01-06 03:00:00,Panel_A,0.0,0.0075,0.2119,-0.2044,0.0,20.2
2025-01-06 03:00:00,Panel_B,0.0,0.0044,0.1653,-0.1609,0.0,29.3
2025-01-06 03:00:00,Panel_C,0.0,0.0,0.1066,-0.1066,0.0,21.4
2025-01-06 04:00:00,Panel_A,0.0,0.0,0.1794,-0.1794,0.0,22.4
2025-01-06 04:00:00,Panel_B,0.0,0.009,0.2601,-0.2511,0.0,23.6
2025-01-06 04:00:00,Panel_C,0.0,0.0032,0.1335,-0.1303,0.0,21.9
2025-01-06 05:00:00,Panel_A,0.0,0.007,0.1063,-0.0993,0.0,36.9
2025-01-06 05:00:00,Panel_B,0.0,0.0046,0.1104,-0.1058,0.0,29.7
2025-01-06 05:00:00,Panel_C,0.0,0.0035,0.2428,-0.2393,0.0,34.4
2025-01-06 06:00:00,Panel_A,203.73,0.0786,0.5561,-0.4775,0.0,36.1
2025-01-06 06:00:00,Panel_B,203.73,0.0686,0.8833,-0.8147,0.0,34.7
2025-01-06 06:00:00,Panel_C,203.73,0.0878,0.8685,-0.7807,0.0,33.2
2025-01-06 07:00:00,Panel_A,253.9,0.0881,2.3718,-2.2836,0.0,23.9
2025-01-06 07:00:00,Panel_B,253.9,0.0864,2.4759,-2.3894,0.0,26.1
2025-01-06 07:00:00,Panel_C,253.9,0.0991,2.1587,-2.0596,0.0,29.0
2025-01-06 08:00:00,Panel_A,387.68,0.1482,1.7285,-1.5803,0.0,37.9
2025-01-06 08:00:00,Panel_B,387.68,0.1379,2.4748,-2.3369,0.0,31.7
2025-01-06 08:00:00,Panel_C,387.68,0.1504,1.5722,-1.4218,0.0,20.6
2025-01-06 09:00:00,Panel_A,502.92,0.1798,2.3683,-2.1885,0.0,33.1
2025-01-06 09:00:00,Panel_B,502.92,0.1677,2.2427,-2.075,0.0,27.7
2025-01-06 09:00:00,Panel_C,502.92,0.185,2.4876,-2.3027,0.0,20.7
2025-01-06 10:00:00,Panel_A,606.27,0.2194,0.807,-0.5876,0.0,33.1
2025-01-06 10:00:00,Panel_B,606.27,0.2174,0.8407,-0.6232,0.0,35.7
2025-01-06 10:00:00,Panel_C,606.27,0.2295,0.6938,-0.4643,0.0,30.7
2025-01-06 11:00:00,Panel_A,812.19,0.2998,1.0132,-0.7134,0.0,22.4
2025-01-06 11:00:00,Panel_B,812.19,0.2912,1.0011,-0.7099,0.0,36.4
2025-01-06 11:00:00,Panel_C,812.19,0.3059,1.18,-0.8741,0.0,23.3
2025-01-06 12:00:00,Panel_A,766.42,0.2758,0.6731,-0.3973,0.0,35.7
2025-01-06 12:00:00,Panel_B,766.42,0.2741,0.8117,-0.5376,0.0,29.3
2025-01-06 12:00:00,Panel_C,766.42,0.297,0.6145,-0.3175,0.0,27.0
2025-01-06 13:00:00,Panel_A,681.02,0.2387,1.0414,-0.8027,0.0,22.4
2025-01-06 13:00:00,Panel_B,681.02,0.2442,1.1789,-0.9347,0.0,28.2
2025-01-06 13:00:00,Panel_C,681.02,0.2592,0.7359,-0.4767,0.0,34.9
2025-01-06 14:00:00,Panel_A,615.34,0.2137,0.932,-0.7183,0.0,32.7
2025-01-06 14:00:00,Panel_B,615.34,0.2132,0.6169,-0.4037,0.0,23.0
2025-01-06 14:00:00,Panel_C,615.34,0.2322,1.0909,-0.8587,0.0,34.5
2025-01-06 15:00:00,Panel_A,657.89,0.242,0.6441,-0.4021,0.0,22.0
2025-01-06 15:00:00,Panel_B,657.89,0.2315,0.6888,-0.4574,0.0,21.0
2025-01-06 15:00:00,Panel_C,657.89,0.2536,0.5275,-0.2739,0.0,22.2
2025-01-06 16:00:00,Panel_A,418.96,0.1545,0.7213,-0.5668,0.0,29.1
2025-01-06 16:00:00,Panel_B,418.96,0.1462,0.5291,-0.3829,0.0,22.7
2025-01-06 16:00:00,Panel_C,418.96,0.1638,0.8183,-0.6545,0.0,29.3
2025-01-06 17:00:00,Panel_A,305.68,0.1205,0.5978,-0.4773,0.0,20.5
2025-01-06 17:00:00,Panel_B,305.68,0.1063,0.7156,-0.6093,0.0,32.7
2025-01-06 17:00:00,Panel_C,305.68,0.1192,1.1789,-1.0597,0.0,21.7
2025-01-06 18:00:00,Panel_A,131.38,0.0442,3.3022,-3.258,0.0,23.2
2025-01-06 18:00:00,Panel_B,131.38,0.0556,3.0389,-2.9834,0.0,35.1
2025-01-06 18:00:00,Panel_C,131.38,0.0507,2.7458,-2.6951,0.0,31.1
2025-01-06 19:00:00,Panel_A,0.0,0.0018,3.3034,-3.3015,0.0,30.3
2025-01-06 19:00:00,Panel_B,0.0,0.0055,2.3235,-2.318,0.0,31.9
2025-01-06 19:00:00,Panel_C,0.0,0.0059,2.5908,-2.5849,0.0,31.7
2025-01-06 20:00:00,Panel_A,0.0,0.0015,3.4991,-3.4976,0.0,20.9
2025-01-06 20:00:00,Panel_B,0.0,0.0,3.4658,-3.4658,0.0,27.3
2025-01-06 20:00:00,Panel_C,0.0,0.0016,2.8505,-2.8489,0.0,33.3
2025-01-06 21:00:00,Panel_A,0.0,0.0021,3.3178,-3.3157,0.0,27.3
2025-01-06 21:00:00,Panel_B,0.0,0.0059,3.2118,-3.2058,0.0,33.7
2025-01-06 21:00:00,Panel_C,0.0,0.0,3.1967,-3.1967,0.0,27.8
2025-01-06 22:00:00,Panel_A,0.0,0.0,2.8167,-2.8167,0.0,20.1
2025-01-06 22:00:00,Panel_B,0.0,0.0006,2.4869,-2.4863,0.0,26.6
2025-01-06 22:00:00,Panel_C,0.0,0.008,2.5828,-2.5749,0.0,28.1
2025-01-06 23:00:00,Panel_A,0.0,0.0,0.6663,-0.6663,0.0,26.7
2025-01-06 23:00:00,Panel_B,0.0,0.0082,0.9336,-0.9254,0.0,28.3
2025-01-06 23:00:00,Panel_C,0.0,0.005,0.7659,-0.7608,0.0,35.5
2025-01-07 00:00:00,Panel_A,0.0,0.0,0.1051,-0.1051,0.0,26.1
2025-01-07 00:00:00,Panel_B,0.0,0.0115,0.176,-0.1646,0.0,27.2
2025-01-07 00:00:00,Panel_C,0.0,0.0051,0.2216,-0.2165,0.0,33.8
2025-01-07 01:00:00,Panel_A,0.0,0.0122,0.2626,-0.2504,0.0,32.9
2025-01-07 01:00:00,Panel_B,0.0,0.0038,0.1487,-0.1449,0.0,36.7
2025-01-07 01:00:00,Panel_C,0.0,0.0014,0.1121,-0.1106,0.0,36.8
2025-01-07 02:00:00,Panel_A,0.0,0.0,0.1972,-0.1972,0.0,24.6
2025-01-07 02:00:00,Panel_B,0.0,0.0,0.157,-0.157,0.0,25.5
2025-01-07 02:00:00,Panel_C,0.0,0.0009,0.1623,-0.1614,0.0,31.0
2025-01-07 03:00:00,Panel_A,0.0,0.007,0.2432,-0.2363,0.0,24.9
2025-01-07 03:00:00,Panel_B,0.0,0.0,0.1362,-0.1362,0.0,32.3
2025-01-07 03:00:00,Panel_C,0.0,0.0,0.1363,-0.1363,0.0,29.5
2025-01-07 04:00:00,Panel_A,0.0,0.0,0.2135,-0.2135,0.0,24.6
2025-01-07 04:00:00,Panel_B,0.0,0.0016,0.2926,-0.291,0.0,28.7
2025-01-07 04:00:00,Panel_C,0.0,0.0011,0.1087,-0.1076,0.0,31.4
2025-01-07 05:00:00,Panel_A,0.0,0.0068,0.2903,-0.2835,0.0,30.8
2025-01-07 05:00:00,Panel_B,0.0,0.0002,0.1456,-0.1454,0.0,23.8
2025-01-07 05:00:00,Panel_C,0.0,0.0002,0.2222,-0.222,0.0,27.4
2025-01-07 06:00:00,Panel_A,121.86,0.0404,1.0464,-1.006,0.0,24.9
2025-01-07 06:00:00,Panel_B,121.86,0.0412,0.9673,-0.9261,0.0,21.7
2025-01-07 06:00:00,Panel_C,121.86,0.0525,0.9367,-0.8842,0.0,28.1
2025-01-07 07:00:00,Panel_A,228.98,0.084,2.2369,-2.1529,0.0,35.5
2025-01-07 07:00:00,Panel_B,228.98,0.0792,1.5236,-1.4444,0.0,31.6
2025-01-07 07:00:00,Panel_C,228.98,0.0864,2.1071,-2.0207,0.0,29.8
2025-01-07 08:00:00,Panel_A,388.49,0.133,2.0945,-1.9615,0.0,28.9
2025-01-07 08:00:00,Panel_B,388.49,0.132,1.9282,-1.7962,0.0,32.9
2025-01-07 08:00:00,Panel_C,388.49,0.1558,2.1924,-2.0366,0.0,37.8
2025-01-07 09:00:00,Panel_A,582.5,0.2178,1.7742,-1.5563,0.0,21.4
2025-01-07 09:00:00,Panel_B,582.5,0.201,1.7267,-1.5257,0.0,26.4
2025-01-07 09:00:00,Panel_C,582.5,0.2163,1.5694,-1.3531,0.0,29.3
2025-01-07 10:00:00,Panel_A,691.18,0.241,1.1161,-0.875,0.0,31.7
2025-01-07 10:00:00,Panel_B,691.18,0.2319,0.7331,-0.5012,0.0,32.1
2025-01-07 10:00:00,Panel_C,691.18,0.2645,1.1959,-0.9314,0.0,31.9
2025-01-07 11:00:00,Panel_A,851.63,0.3087,0.8256,-0.517,0.0,21.1
2025-01-07 11:00:00,Panel_B,851.63,0.3009,0.6227,-0.3218,0.0,32.4
2025-01-07 11:00:00,Panel_C,851.63,0.324,0.6407,-0.3167,0.0,29.6
2025-01-07 12:00:00,Panel_A,794.44,0.2815,1.0293,-0.7478,0.0,26.3
2025-01-07 12:00:00,Panel_B,794.44,0.2835,1.149,-0.8655,0.0,24.2
2025-01-07 12:00:00,Panel_C,794.44,0.3049,0.7795,-0.4746,0.0,22.7
2025-01-07 13:00:00,Panel_A,828.66,0.299,0.8647,-0.5656,0.0,31.2
2025-01-07 13:00:00,Panel_B,828.66,0.291,0.5894,-0.2984,0.0,34.9
2025-01-07 13:00:00,Panel_C,828.66,0.3133,1.0474,-0.7341,0.0,32.8
2025-01-07 14:00:00,Panel_A,640.19,0.2238,0.5613,-0.3375,0.0,36.9
2025-01-07 14:00:00,Panel_B,640.19,0.2149,0.7779,-0.563,0.0,28.0
2025-01-07 14:00:00,Panel_C,640.19,0.2458,0.9204,-0.6746,0.0,29.3
2025-01-07 15:00:00,Panel_A,553.75,0.2035,1.1945,-0.991,0.0,35.3
2025-01-07 15:00:00,Panel_B,553.75,0.1942,0.7664,-0.5722,0.0,35.8
2025-01-07 15:00:00,Panel_C,553.75,0.2099,1.1076,-0.8977,0.0,34.5
2025-01-07 16:00:00,Panel_A,382.96,0.1428,0.5566,-0.4138,0.0,27.3
2025-01-07 16:00:00,Panel_B,382.96,0.1367,0.7423,-0.6056,0.0,37.6
2025-01-07 16:00:00,Panel_C,382.96,0.141,0.9487,-0.8076,0.0,34.8
2025-01-07 17:00:00,Panel_A,287.11,0.1074,0.9244,-0.8169,0.0,33.8
2025-01-07 17:00:00,Panel_B,287.11,0.1005,0.7791,-0.6785,0.0,22.6
2025-01-07 17:00:00,Panel_C,287.11,0.1025,0.7573,-0.6547,0.0,21.2
2025-01-07 18:00:00,Panel_A,186.89,0.0699,3.4487,-3.3788,0.0,27.8
2025-01-07 18:00:00,Panel_B,186.89,0.0657,2.6593,-2.5935,0.0,21.9
2025-01-07 18:00:00,Panel_C,186.89,0.0611,2.9612,-2.9001,0.0,23.9
2025-01-07 19:00:00,Panel_A,0.0,0.0077,2.228,-2.2204,0.0,21.1
2025-01-07 19:00:00,Panel_B,0.0,0.0061,3.1711,-3.165,0.0,28.3
2025-01-07 19:00:00,Panel_C,0.0,0.0007,3.4755,-3.4748,0.0,24.3
2025-01-07 20:00:00,Panel_A,0.0,0.0,2.2134,-2.2134,0.0,22.2
2025-01-07 20:00:00,Panel_B,0.0,0.0,3.0382,-3.0382,0.0,21.1
2025-01-07 20:00:00,Panel_C,0.0,0.0,2.7641,-2.7641,0.0,37.9
2025-01-07 21:00:00,Panel_A,0.0,0.0022,2.4594,-2.4572,0.0,31.2
2025-01-07 21:00:00,Panel_B,0.0,0.006,2.7906,-2.7846,0.0,27.7
2025-01-07 21:00:00,Panel_C,0.0,0.0,2.5516,-2.5516,0.0,27.5
2025-01-07 22:00:00,Panel_A,0.0,0.0,3.2413,-3.2413,0.0,33.2
2025-01-07 22:00:00,Panel_B,0.0,0.0,2.0288,-2.0288,0.0,24.7
2025-01-07 22:00:00,Panel_C,0.0,0.0,3.1404,-3.1404,0.0,22.5
2025-01-07 23:00:00,Panel_A,0.0,0.0,0.5085,-0.5085,0.0,24.3
2025-01-07 23:00:00,Panel_B,0.0,0.0009,1.1831,-1.1822,0.0,34.4
2025-01-07 23:00:00,Panel_C,0.0,0.0,0.5768,-0.5768,0.0,29.9
2025-01-08 00:00:00,Panel_A,0.0,0.0029,0.1909,-0.188,0.0,35.2
2025-01-08 00:00:00,Panel_B,0.0,0.0,0.13,-0.13,0.0,25.8
2025-01-08 00:00:00,Panel_C,0.0,0.0,0.2475,-0.2475,0.0,28.6
2025-01-08 01:00:00,Panel_A,0.0,0.0,0.1919,-0.1919,0.0,34.1
2025-01-08 01:00:00,Panel_B,0.0,0.0,0.2784,-0.2784,0.0,37.2
2025-01-08 01:00:00,Panel_C,0.0,0.0,0.2376,-0.2376,0.0,27.9
2025-01-08 02:00:00,Panel_A,0.0,0.0052,0.1509,-0.1457,0.0,35.1
2025-01-08 02:00:00,Panel_B,0.0,0.0108,0.2319,-0.2211,0.0,36.1
2025-01-08 02:00:00,Panel_C,0.0,0.0,0.2273,-0.2273,0.0,31.1
2025-01-08 03:00:00,Panel_A,0.0,0.0002,0.13,-0.1299,0.0,33.3
2025-01-08 03:00:00,Panel_B,0.0,0.0,0.2024,-0.2024,0.0,32.2
2025-01-08 03:00:00,Panel_C,0.0,0.0,0.1143,-0.1143,0.0,20.2
2025-01-08 04:00:00,Panel_A,0.0,0.0009,0.2913,-0.2904,0.0,33.3
2025-01-08 04:00:00,Panel_B,0.0,0.0,0.1699,-0.1699,0.0,33.9
2025-01-08 04:00:00,Panel_C,0.0,0.0,0.2323,-0.2323,0.0,23.3
2025-01-08 05:00:00,Panel_A,0.0,0.0059,0.153,-0.1471,0.0,20.4
2025-01-08 05:00:00,Panel_B,0.0,0.0036,0.1164,-0.1128,0.0,37.4
2025-01-08 05:00:00,Panel_C,0.0,0.005,0.2249,-0.22,0.0,26.9
2025-01-08 06:00:00,Panel_A,146.21,0.051,0.9305,-0.8795,0.0,33.9
2025-01-08 06:00:00,Panel_B,146.21,0.0499,0.9507,-0.9008,0.0,29.5
2025-01-08 06:00:00,Panel_C,146.21,0.0523,1.186,-1.1336,0.0,30.8
2025-01-08 07:00:00,Panel_A,334.75,0.1282,2.3118,-2.1836,0.0,31.8
2025-01-08 07:00:00,Panel_B,334.75,0.1197,1.6281,-1.5084,0.0,26.1
2025-01-08 07:00:00,Panel_C,334.75,0.122,1.9394,-1.8174,0.0,31.0
2025-01-08 08:00:00,Panel_A,318.04,0.1134,2.3869,-2.2735,0.0,31.6
2025-01-08 08:00:00,Panel_B,318.04,0.1099,1.7859,-1.676,0.0,34.7
2025-01-08 08:00:00,Panel_C,318.04,0.12,2.255,-2.135,0.0,28.3
2025-01-08 09:00:00,Panel_A,568.18,0.207,2.2764,-2.0694,0.0,31.8
2025-01-08 09:00:00,Panel_B,568.18,0.2025,1.6774,-1.4749,0.0,29.8
2025-01-08 09:00:00,Panel_C,568.18,0.2179,2.3178,-2.0999,0.0,23.8
2025-01-08 10:00:00,Panel_A,646.92,0.2391,1.013,-0.7739,0.0,29.8
2025-01-08 10:00:00,Panel_B,646.92,0.2265,0.9132,-0.6867,0.0,29.2
2025-01-08 10:00:00,Panel_C,646.92,0.2487,0.9822,-0.7336,0.0,35.7
2025-01-08 11:00:00,Panel_A,679.97,0.2512,0.6121,-0.3608,0.0,28.3
2025-01-08 11:00:00,Panel_B,679.97,0.2414,0.5065,-0.2652,0.0,24.4
2025-01-08 11:00:00,Panel_C,679.97,0.2573,1.06,-0.8027,0.0,23.7
2025-01-08 12:00:00,Panel_A,757.47,0.281,0.9312,-0.6501,0.0,23.4
2025-01-08 12:00:00,Panel_B,757.47,0.2671,0.7488,-0.4817,0.0,34.1
2025-01-08 12:00:00,Panel_C,757.47,0.2872,1.0327,-0.7455,0.0,20.6
2025-01-08 13:00:00,Panel_A,768.74,0.2728,1.1707,-0.8978,0.0,26.6
2025-01-08 13:00:00,Panel_B,768.74,0.2723,0.7289,-0.4566,0.0,22.7
2025-01-08 13:00:00,Panel_C,768.74,0.2957,1.1974,-0.9017,0.0,26.6
2025-01-08 14:00:00,Panel_A,660.85,0.2465,1.1203,-0.8738,0.0,30.7
2025-01-08 14:00:00,Panel_B,660.85,0.2293,0.7741,-0.5448,0.0,27.4
2025-01-08 14:00:00,Panel_C,660.85,0.2435,1.0559,-0.8124,0.0,21.7
2025-01-08 15:00:00,Panel_A,617.18,0.2194,0.9496,-0.7302,0.0,21.2
2025-01-08 15:00:00,Panel_B,617.18,0.2288,0.906,-0.6772,0.0,30.1
2025-01-08 15:00:00,Panel_C,617.18,0.2448,0.9735,-0.7287,0.0,34.5
2025-01-08 16:00:00,Panel_A,476.78,0.1755,0.8488,-0.6732,0.0,21.4
2025-01-08 16:00:00,Panel_B,476.78,0.1641,0.541,-0.3769,0.0,26.0
2025-01-08 16:00:00,Panel_C,476.78,0.1847,1.052,-0.8674,0.0,29.3
2025-01-08 17:00:00,Panel_A,336.12,0.1153,0.7297,-0.6144,0.0,27.8
2025-01-08 17:00:00,Panel_B,336.12,0.1167,0.562,-0.4453,0.0,24.0
2025-01-08 17:00:00,Panel_C,336.12,0.1353,1.1988,-1.0635,0.0,36.8
2025-01-08 18:00:00,Panel_A,215.59,0.0725,2.9543,-2.8818,0.0,34.1
2025-01-08 18:00:00,Panel_B,215.59,0.0847,2.1775,-2.0928,0.0,27.4
2025-01-08 18:00:00,Panel_C,215.59,0.0801,2.8578,-2.7777,0.0,30.6
2025-01-08 19:00:00,Panel_A,0.0,0.0054,2.2767,-2.2713,0.0,26.5
2025-01-08 19:00:00,Panel_B,0.0,0.0007,2.4481,-2.4474,0.0,36.9
2025-01-08 19:00:00,Panel_C,0.0,0.0,2.3889,-2.3889,0.0,27.7
2025-01-08 20:00:00,Panel_A,0.0,0.0026,2.6873,-2.6847,0.0,28.7
2025-01-08 20:00:00,Panel_B,0.0,0.0,2.2002,-2.2002,0.0,21.5
2025-01-08 20:00:00,Panel_C,0.0,0.0,2.6553,-2.6553,0.0,33.1
2025-01-08 21:00:00,Panel_A,0.0,0.0089,3.1483,-3.1394,0.0,22.9
2025-01-08 21:00:00,Panel_B,0.0,0.0,3.1271,-3.1271,0.0,31.8
2025-01-08 21:00:00,Panel_C,0.0,0.0015,3.4349,-3.4334,0.0,21.2
2025-01-08 22:00:00,Panel_A,0.0,0.0,2.3926,-2.3926,0.0,24.4
2025-01-08 22:00:00,Panel_B,0.0,0.0,3.3594,-3.3594,0.0,24.5
2025-01-08 22:00:00,Panel_C,0.0,0.0046,2.6746,-2.67,0.0,34.0
2025-01-08 23:00:00,Panel_A,0.0,0.0,0.5458,-0.5458,0.0,28.8
2025-01-08 23:00:00,Panel_B,0.0,0.0,0.7431,-0.7431,0.0,36.2
2025-01-08 23:00:00,Panel_C,0.0,0.0044,0.5153,-0.5109,0.0,31.9
2025-01-09 00:00:00,Panel_A,0.0,0.0003,0.2874,-0.287,0.0,20.9
2025-01-09 00:00:00,Panel_B,0.0,0.0026,0.1838,-0.1812,0.0,24.7
2025-01-09 00:00:00,Panel_C,0.0,0.004,0.1396,-0.1356,0.0,30.2
2025-01-09 01:00:00,Panel_A,0.0,0.0,0.1928,-0.1928,0.0,37.5
2025-01-09 01:00:00,Panel_B,0.0,0.0,0.1228,-0.1228,0.0,22.7
2025-01-09 01:00:00,Panel_C,0.0,0.0058,0.1451,-0.1392,0.0,24.5
2025-01-09 02:00:00,Panel_A,0.0,0.001,0.2047,-0.2037,0.0,22.1
2025-01-09 02:00:00,Panel_B,0.0,0.0057,0.272,-0.2663,0.0,33.0
2025-01-09 02:00:00,Panel_C,0.0,0.0009,0.2087,-0.2078,0.0,21.5
2025-01-09 03:00:00,Panel_A,0.0,0.0,0.1917,-0.1917,0.0,28.7
2025-01-09 03:00:00,Panel_B,0.0,0.0022,0.1925,-0.1903,0.0,27.4
2025-01-09 03:00:00,Panel_C,0.0,0.0045,0.2302,-0.2257,0.0,29.8
2025-01-09 04:00:00,Panel_A,0.0,0.0001,0.2613,-0.2612,0.0,28.3
2025-01-09 04:00:00,Panel_B,0.0,0.0,0.1104,-0.1104,0.0,34.2
2025-01-09 04:00:00,Panel_C,0.0,0.0,0.1329,-0.1329,0.0,25.9
2025-01-09 05:00:00,Panel_A,0.0,0.0,0.2514,-0.2514,0.0,29.3
2025-01-09 05:00:00,Panel_B,0.0,0.0016,0.2759,-0.2743,0.0,35.7
2025-01-09 05:00:00,Panel_C,0.0,0.0,0.1478,-0.1478,0.0,28.1
2025-01-09 06:00:00,Panel_A,228.21,0.0818,0.8771,-0.7953,0.0,29.0
2025-01-09 06:00:00,Panel_B,228.21,0.0814,1.0755,-0.9941,0.0,26.8
2025-01-09 06:00:00,Panel_C,228.21,0.083,1.0429,-0.96,0.0,37.4
2025-01-09 07:00:00,Panel_A,294.02,0.0987,1.7871,-1.6885,0.0,34.3
2025-01-09 07:00:00,Panel_B,294.02,0.1123,2.2979,-2.1856,0.0,27.1
2025-01-09 07:00:00,Panel_C,294.02,0.1171,2.4151,-2.298,0.0,29.6
2025-01-09 08:00:00,Panel_A,440.6,0.1544,2.2933,-2.1389,0.0,25.7
2025-01-09 08:00:00,Panel_B,440.6,0.1525,1.6842,-1.5317,0.0,36.1
2025-01-09 08:00:00,Panel_C,440.6,0.1654,2.1543,-1.9889,0.0,22.7
2025-01-09 09:00:00,Panel_A,657.18,0.2312,1.5835,-1.3522,0.0,35.9
2025-01-09 09:00:00,Panel_B,657.18,0.2301,2.4671,-2.237,0.0,27.5
2025-01-09 09:00:00,Panel_C,657.18,0.2568,2.4841,-2.2273,0.0,32.0
2025-01-09 10:00:00,Panel_A,626.37,0.2276,1.1173,-0.8897,0.0,27.7
2025-01-09 10:00:00,Panel_B,626.37,0.2252,1.0035,-0.7784,0.0,36.0
2025-01-09 10:00:00,Panel_C,626.37,0.251,0.5556,-0.3046,0.0,33.2
2025-01-09 11:00:00,Panel_A,784.93,0.2811,1.0733,-0.7922,0.0,29.7
2025-01-09 11:00:00,Panel_B,784.93,0.2697,0.8298,-0.5601,0.0,34.8
2025-01-09 11:00:00,Panel_C,784.93,0.304,0.8215,-0.5175,0.0,26.4
2025-01-09 12:00:00,Panel_A,864.85,0.3112,0.7346,-0.4234,0.0,23.1
2025-01-09 12:00:00,Panel_B,864.85,0.3069,0.5704,-0.2635,0.0,24.3
2025-01-09 12:00:00,Panel_C,864.85,0.3314,0.5994,-0.268,0.0,26.3
2025-01-09 13:00:00,Panel_A,848.77,0.3039,0.9558,-0.6519,0.0,31.2
2025-01-09 13:00:00,Panel_B,848.77,0.3021,0.8299,-0.5278,0.0,37.6
2025-01-09 13:00:00,Panel_C,848.77,0.3204,0.9439,-0.6235,0.0,22.3
2025-01-09 14:00:00,Panel_A,620.54,0.2293,0.9804,-0.7511,0.0,21.3
2025-01-09 14:00:00,Panel_B,620.54,0.2186,0.659,-0.4404,0.0,35.1
2025-01-09 14:00:00,Panel_C,620.54,0.2345,0.6955,-0.461,0.0,31.6
2025-01-09 15:00:00,Panel_A,560.37,0.2114,0.7137,-0.5023,0.0,23.8
2025-01-09 15:00:00,Panel_B,560.37,0.1987,1.1098,-0.9111,0.0,33.8
2025-01-09 15:00:00,Panel_C,560.37,0.2138,1.0519,-0.8381,0.0,32.0
2025-01-09 16:00:00,Panel_A,436.85,0.1561,0.9695,-0.8135,0.0,30.1
2025-01-09 16:00:00,Panel_B,436.85,0.1522,0.8223,-0.67,0.0,35.6
2025-01-09 16:00:00,Panel_C,436.85,0.1611,0.8827,-0.7215,0.0,26.8
2025-01-09 17:00:00,Panel_A,261.59,0.0937,1.0179,-0.9242,0.0,36.5
2025-01-09 17:00:00,Panel_B,261.59,0.0951,0.7046,-0.6094,0.0,36.4
2025-01-09 17:00:00,Panel_C,261.59,0.0972,1.0278,-0.9305,0.0,34.5
2025-01-09 18:00:00,Panel_A,137.28,0.0549,3.2441,-3.1892,0.0,25.1
2025-01-09 18:00:00,Panel_B,137.28,0.0499,2.1448,-2.0949,0.0,24.4
2025-01-09 18:00:00,Panel_C,137.28,0.0614,2.0186,-1.9572,0.0,28.4
2025-01-09 19:00:00,Panel_A,0.0,0.004,2.4459,-2.4419,0.0,25.4
2025-01-09 19:00:00,Panel_B,0.0,0.0,3.1148,-3.1148,0.0,20.9
2025-01-09 19:00:00,Panel_C,0.0,0.0048,3.3385,-3.3337,0.0,23.3
2025-01-09 20:00:00,Panel_A,0.0,0.0086,2.1185,-2.1099,0.0,24.3
2025-01-09 20:00:00,Panel_B,0.0,0.0004,2.0955,-2.0951,0.0,35.0
2025-01-09 20:00:00,Panel_C,0.0,0.0058,2.8985,-2.8927,0.0,22.1
2025-01-09 21:00:00,Panel_A,0.0,0.0049,3.3185,-3.3136,0.0,30.3
2025-01-09 21:00:00,Panel_B,0.0,0.0025,2.7762,-2.7737,0.0,27.7
2025-01-09 21:00:00,Panel_C,0.0,0.0,3.1608,-3.1608,0.0,30.8
2025-01-09 22:00:00,Panel_A,0.0,0.0,3.3388,-3.3388,0.0,28.0
2025-01-09 22:00:00,Panel_B,0.0,0.0081,2.8875,-2.8795,0.0,32.6
2025-01-09 22:00:00,Panel_C,0.0,0.0066,2.3562,-2.3496,0.0,29.2
2025-01-09 23:00:00,Panel_A,0.0,0.0,0.8414,-0.8414,0.0,31.7
2025-01-09 23:00:00,Panel_B,0.0,0.0,1.1654,-1.1654,0.0,30.8
2025-01-09 23:00:00,Panel_C,0.0,0.0002,0.9439,-0.9437,0.0,21.3
2025-01-10 00:00:00,Panel_A,0.0,0.0085,0.1509,-0.1424,0.0,26.5
2025-01-10 00:00:00,Panel_B,0.0,0.0,0.128,-0.128,0.0,25.0
2025-01-10 00:00:00,Panel_C,0.0,0.0,0.2943,-0.2943,0.0,26.0
2025-01-10 01:00:00,Panel_A,0.0,0.0,0.2222,-0.2222,0.0,25.1
2025-01-10 01:00:00,Panel_B,0.0,0.0,0.1414,-0.1414,0.0,29.3
2025-01-10 01:00:00,Panel_C,0.0,0.0,0.2605,-0.2605,0.0,30.3
2025-01-10 02:00:00,Panel_A,0.0,0.0,0.2025,-0.2025,0.0,25.3
2025-01-10 02:00:00,Panel_B,0.0,0.0,0.1174,-0.1174,0.0,31.1
2025-01-10 02:00:00,Panel_C,0.0,0.0034,0.1228,-0.1194,0.0,26.2
2025-01-10 03:00:00,Panel_A,0.0,0.0054,0.1987,-0.1933,0.0,32.6
2025-01-10 03:00:00,Panel_B,0.0,0.0001,0.2986,-0.2985,0.0,22.4
2025-01-10 03:00:00,Panel_C,0.0,0.0,0.1844,-0.1844,0.0,27.4
2025-01-10 04:00:00,Panel_A,0.0,0.0,0.2815,-0.2815,0.0,32.9
2025-01-10 04:00:00,Panel_B,0.0,0.0,0.2648,-0.2648,0.0,37.2
2025-01-10 04:00:00,Panel_C,0.0,0.0045,0.2642,-0.2598,0.0,20.0
2025-01-10 05:00:00,Panel_A,0.0,0.0,0.1515,-0.1515,0.0,21.1
2025-01-10 05:00:00,Panel_B,0.0,0.0007,0.2208,-0.22,0.0,32.4
2025-01-10 05:00:00,Panel_C,0.0,0.0,0.1912,-0.1912,0.0,26.6
2025-01-10 06:00:00,Panel_A,139.49,0.0492,1.0258,-0.9767,0.0,21.3
2025-01-10 06:00:00,Panel_B,139.49,0.0439,0.5561,-0.5122,0.0,26.4
2025-01-10 06:00:00,Panel_C,139.49,0.0539,0.9751,-0.9212,0.0,26.5
2025-01-10 07:00:00,Panel_A,310.46,0.1113,2.1361,-2.0248,0.0,36.4
2025-01-10 07:00:00,Panel_B,310.46,0.1088,2.1126,-2.0038,0.0,35.7
2025-01-10 07:00:00,Panel_C,310.46,0.1149,2.4025,-2.2875,0.0,21.2
2025-01-10 08:00:00,Panel_A,434.44,0.1507,1.5117,-1.361,0.0,27.6
2025-01-10 08:00:00,Panel_B,434.44,0.1526,1.795,-1.6424,0.0,28.7
2025-01-10 08:00:00,Panel_C,434.44,0.1623,1.623,-1.4607,0.0,30.1
2025-01-10 09:00:00,Panel_A,558.7,0.2075,2.1523,-1.9448,0.0,35.2
2025-01-10 09:00:00,Panel_B,558.7,0.1912,2.1925,-2.0013,0.0,27.7
2025-01-10 09:00:00,Panel_C,558.7,0.2063,1.8063,-1.6,0.0,34.2
2025-01-10 10:00:00,Panel_A,725.45,0.2681,1.0757,-0.8076,0.0,35.4
2025-01-10 10:00:00,Panel_B,725.45,0.2527,1.1416,-0.889,0.0,27.8
2025-01-10 10:00:00,Panel_C,725.45,0.2796,0.7598,-0.4802,0.0,30.8
2025-01-10 11:00:00,Panel_A,680.58,0.2502,0.7622,-0.512,0.0,23.0
2025-01-10 11:00:00,Panel_B,680.58,0.2438,0.8014,-0.5575,0.0,22.6
2025-01-10 11:00:00,Panel_C,680.58,0.2571,0.6081,-0.351,0.0,20.5
2025-01-10 12:00:00,Panel_A,838.98,0.3086,0.7384,-0.4298,0.0,21.3
2025-01-10 12:00:00,Panel_B,838.98,0.3006,0.7867,-0.4861,0.0,25.6
2025-01-10 12:00:00,Panel_C,838.98,0.3236,0.7552,-0.4316,0.0,23.9
2025-01-10 13:00:00,Panel_A,848.78,0.3054,0.9818,-0.6764,0.0,22.5
2025-01-10 13:00:00,Panel_B,848.78,0.2985,0.8399,-0.5414,0.0,20.5
2025-01-10 13:00:00,Panel_C,848.78,0.3253,0.7689,-0.4437,0.0,20.7
2025-01-10 14:00:00,Panel_A,679.81,0.2443,0.612,-0.3677,0.0,20.4
2025-01-10 14:00:00,Panel_B,679.81,0.2361,1.0293,-0.7933,0.0,28.3
2025-01-10 14:00:00,Panel_C,679.81,0.2611,0.5813,-0.3202,0.0,37.2
2025-01-10 15:00:00,Panel_A,539.28,0.1976,0.9221,-0.7244,0.0,34.9
2025-01-10 15:00:00,Panel_B,539.28,0.1871,1.1888,-1.0017,0.0,25.2
2025-01-10 15:00:00,Panel_C,539.28,0.2044,0.7699,-0.5655,0.0,26.1
2025-01-10 16:00:00,Panel_A,438.75,0.152,0.8876,-0.7356,0.0,29.8
2025-01-10 16:00:00,Panel_B,438.75,0.1543,1.0333,-0.8791,0.0,35.0
2025-01-10 16:00:00,Panel_C,438.75,0.1577,0.6815,-0.5238,0.0,23.5
2025-01-10 17:00:00,Panel_A,261.22,0.0932,0.6892,-0.596,0.0,37.4
2025-01-10 17:00:00,Panel_B,261.22,0.0891,0.8904,-0.8013,0.0,26.3
2025-01-10 17:00:00,Panel_C,261.22,0.0939,0.8108,-0.7169,0.0,31.3
2025-01-10 18:00:00,Panel_A,196.02,0.0579,3.4908,-3.4329,0.0,35.8
2025-01-10 18:00:00,Panel_B,196.02,0.0672,2.9351,-2.8679,0.0,30.2
2025-01-10 18:00:00,Panel_C,196.02,0.0683,2.5927,-2.5244,0.0,20.7
2025-01-10 19:00:00,Panel_A,0.0,0.0025,2.7133,-2.7108,0.0,29.8
2025-01-10 19:00:00,Panel_B,0.0,0.0013,2.8001,-2.7988,0.0,35.7
2025-01-10 19:00:00,Panel_C,0.0,0.0023,2.196,-2.1936,0.0,34.2
2025-01-10 20:00:00,Panel_A,0.0,0.0013,2.4137,-2.4123,0.0,35.8
2025-01-10 20:00:00,Panel_B,0.0,0.0,3.4161,-3.4161,0.0,22.7
2025-01-10 20:00:00,Panel_C,0.0,0.0019,2.7251,-2.7232,0.0,35.5
2025-01-10 21:00:00,Panel_A,0.0,0.0,2.8831,-2.8831,0.0,26.8
2025-01-10 21:00:00,Panel_B,0.0,0.0,3.1427,-3.1427,0.0,27.0
2025-01-10 21:00:00,Panel_C,0.0,0.0,2.7669,-2.7669,0.0,28.9
2025-01-10 22:00:00,Panel_A,0.0,0.0053,3.4711,-3.4658,0.0,27.3
2025-01-10 22:00:00,Panel_B,0.0,0.0011,3.2413,-3.2402,0.0,33.8
2025-01-10 22:00:00,Panel_C,0.0,0.0028,2.3007,-2.2979,0.0,22.0
2025-01-10 23:00:00,Panel_A,0.0,0.0004,1.0978,-1.0973,0.0,27.9
2025-01-10 23:00:00,Panel_B,0.0,0.003,0.9386,-0.9356,0.0,36.7
2025-01-10 23:00:00,Panel_C,0.0,0.0,0.5134,-0.5134,0.0,28.6
2025-01-11 00:00:00,Panel_A,0.0,0.0056,0.2385,-0.2329,0.0,22.4
2025-01-11 00:00:00,Panel_B,0.0,0.0047,0.1599,-0.1551,0.0,26.5
2025-01-11 00:00:00,Panel_C,0.0,0.0,0.1421,-0.1421,0.0,37.2
2025-01-11 01:00:00,Panel_A,0.0,0.0043,0.1018,-0.0975,0.0,38.0
2025-01-11 01:00:00,Panel_B,0.0,0.0048,0.1589,-0.1542,0.0,20.3
2025-01-11 01:00:00,Panel_C,0.0,0.0026,0.2476,-0.245,0.0,35.0
2025-01-11 02:00:00,Panel_A,0.0,0.0,0.2507,-0.2507,0.0,33.8
2025-01-11 02:00:00,Panel_B,0.0,0.0022,0.2317,-0.2295,0.0,33.8
2025-01-11 02:00:00,Panel_C,0.0,0.0018,0.1177,-0.116,0.0,28.8
2025-01-11 03:00:00,Panel_A,0.0,0.0054,0.1155,-0.1102,0.0,27.3
2025-01-11 03:00:00,Panel_B,0.0,0.0,0.1698,-0.1698,0.0,22.0
2025-01-11 03:00:00,Panel_C,0.0,0.0,0.2616,-0.2616,0.0,37.1
2025-01-11 04:00:00,Panel_A,0.0,0.0,0.1154,-0.1154,0.0,29.0
2025-01-11 04:00:00,Panel_B,0.0,0.0011,0.2589,-0.2578,0.0,32.7
2025-01-11 04:00:00,Panel_C,0.0,0.0,0.1465,-0.1465,0.0,25.1
2025-01-11 05:00:00,Panel_A,0.0,0.0,0.2607,-0.2607,0.0,36.7
2025-01-11 05:00:00,Panel_B,0.0,0.0041,0.1643,-0.1602,0.0,28.6
2025-01-11 05:00:00,Panel_C,0.0,0.0,0.1452,-0.1452,0.0,31.5
2025-01-11 06:00:00,Panel_A,187.05,0.0687,0.7505,-0.6817,0.0,31.7
2025-01-11 06:00:00,Panel_B,187.05,0.0504,0.9101,-0.8597,0.0,31.2
2025-01-11 06:00:00,Panel_C,187.05,0.072,0.5502,-0.4782,0.0,32.3
2025-01-11 07:00:00,Panel_A,328.71,0.1135,2.3225,-2.2091,0.0,34.5
2025-01-11 07:00:00,Panel_B,328.71,0.1204,1.6429,-1.5225,0.0,34.0
2025-01-11 07:00:00,Panel_C,328.71,0.1387,1.7714,-1.6327,0.0,28.9
2025-01-11 08:00:00,Panel_A,381.62,0.1353,2.1296,-1.9942,0.0,21.0
2025-01-11 08:00:00,Panel_B,381.62,0.1295,1.5001,-1.3707,0.0,29.2
2025-01-11 08:00:00,Panel_C,381.62,0.1506,1.5469,-1.3962,0.0,25.0
2025-01-11 09:00:00,Panel_A,537.66,0.1943,2.3393,-2.145,0.0,20.1
2025-01-11 09:00:00,Panel_B,537.66,0.1923,1.8163,-1.624,0.0,21.8
2025-01-11 09:00:00,Panel_C,537.66,0.2,1.8602,-1.6603,0.0,24.9
2025-01-11 10:00:00,Panel_A,655.68,0.2404,1.0523,-0.8118,0.0,36.1
2025-01-11 10:00:00,Panel_B,655.68,0.2337,0.7641,-0.5304,0.0,37.4
2025-01-11 10:00:00,Panel_C,655.68,0.2485,0.5625,-0.314,0.0,32.4
2025-01-11 11:00:00,Panel_A,646.06,0.2319,0.9429,-0.711,0.0,32.7
2025-01-11 11:00:00,Panel_B,646.06,0.2309,1.1762,-0.9453,0.0,33.7
2025-01-11 11:00:00,Panel_C,646.06,0.2517,1.1655,-0.9139,0.0,32.6
2025-01-11 12:00:00,Panel_A,769.12,0.2753,1.0473,-0.772,0.0,31.6
2025-01-11 12:00:00,Panel_B,769.12,0.2685,1.1698,-0.9013,0.0,29.0
2025-01-11 12:00:00,Panel_C,769.12,0.29,0.8029,-0.5129,0.0,28.2
2025-01-11 13:00:00,Panel_A,740.48,0.2605,0.7589,-0.4984,0.0,20.9
2025-01-11 13:00:00,Panel_B,740.48,0.2569,1.0755,-0.8186,0.0,35.3
2025-01-11 13:00:00,Panel_C,740.48,0.2886,0.6484,-0.3598,0.0,31.8
2025-01-11 14:00:00,Panel_A,731.45,0.2629,0.651,-0.3881,0.0,32.2
2025-01-11 14:00:00,Panel_B,731.45,0.2482,0.5956,-0.3474,0.0,31.7
2025-01-11 14:00:00,Panel_C,731.45,0.282,1.017,-0.735,0.0,25.7
2025-01-11 15:00:00,Panel_A,494.58,0.1863,0.9992,-0.813,0.0,23.6
2025-01-11 15:00:00,Panel_B,494.58,0.1715,0.7575,-0.586,0.0,21.0
2025-01-11 15:00:00,Panel_C,494.58,0.191,0.5781,-0.3871,0.0,29.3
2025-01-11 16:00:00,Panel_A,453.4,0.1607,0.5103,-0.3496,0.0,26.8
2025-01-11 16:00:00,Panel_B,453.4,0.1575,0.845,-0.6875,0.0,27.3
2025-01-11 16:00:00,Panel_C,453.4,0.1673,0.8717,-0.7043,0.0,30.7
2025-01-11 17:00:00,Panel_A,287.4,0.1021,1.1744,-1.0723,0.0,29.3
2025-01-11 17:00:00,Panel_B,287.4,0.0947,1.0418,-0.9471,0.0,33.9
2025-01-11 17:00:00,Panel_C,287.4,0.1148,0.8649,-0.7501,0.0,37.6
2025-01-11 18:00:00,Panel_A,217.7,0.0813,2.1803,-2.099,0.0,24.8
2025-01-11 18:00:00,Panel_B,217.7,0.0767,2.5221,-2.4454,0.0,26.7
2025-01-11 18:00:00,Panel_C,217.7,0.0905,2.002,-1.9116,0.0,25.4
2025-01-11 19:00:00,Panel_A,0.0,0.0008,3.2706,-3.2698,0.0,20.4
2025-01-11 19:00:00,Panel_B,0.0,0.0003,3.3478,-3.3476,0.0,34.1
2025-01-11 19:00:00,Panel_C,0.0,0.0,2.597,-2.597,0.0,25.5
2025-01-11 20:00:00,Panel_A,0.0,0.0074,2.0985,-2.0911,0.0,24.1
2025-01-11 20:00:00,Panel_B,0.0,0.0,3.1212,-3.1212,0.0,28.5
2025-01-11 20:00:00,Panel_C,0.0,0.0,2.0868,-2.0868,0.0,37.2
2025-01-11 21:00:00,Panel_A,0.0,0.0001,3.4442,-3.444,0.0,21.4
2025-01-11 21:00:00,Panel_B,0.0,0.0012,2.5485,-2.5474,0.0,24.1
2025-01-11 21:00:00,Panel_C,0.0,0.0,2.9336,-2.9336,0.0,34.1
2025-01-11 22:00:00,Panel_A,0.0,0.0,2.8674,-2.8674,0.0,22.6
2025-01-11 22:00:00,Panel_B,0.0,0.0025,2.5822,-2.5798,0.0,32.1
2025-01-11 22:00:00,Panel_C,0.0,0.0057,2.3899,-2.3842,0.0,26.2
2025-01-11 23:00:00,Panel_A,0.0,0.0,0.829,-0.829,0.0,36.0
2025-01-11 23:00:00,Panel_B,0.0,0.0023,0.9954,-0.9931,0.0,21.1
2025-01-11 23:00:00,Panel_C,0.0,0.0,0.594,-0.594,0.0,37.2
2025-01-12 00:00:00,Panel_A,0.0,0.0104,0.2059,-0.1955,0.0,24.4
2025-01-12 00:00:00,Panel_B,0.0,0.0101,0.1152,-0.1051,0.0,24.9
2025-01-12 00:00:00,Panel_C,0.0,0.0,0.2614,-0.2614,0.0,28.3
2025-01-12 01:00:00,Panel_A,0.0,0.0,0.1088,-0.1088,0.0,23.0
2025-01-12 01:00:00,Panel_B,0.0,0.0077,0.1891,-0.1814,0.0,23.8
2025-01-12 01:00:00,Panel_C,0.0,0.0,0.2921,-0.2921,0.0,23.5
2025-01-12 02:00:00,Panel_A,0.0,0.0029,0.2903,-0.2873,0.0,37.9
2025-01-12 02:00:00,Panel_B,0.0,0.0,0.1874,-0.1874,0.0,30.7
2025-01-12 02:00:00,Panel_C,0.0,0.0023,0.1146,-0.1123,0.0,31.2
2025-01-12 03:00:00,Panel_A,0.0,0.0021,0.2515,-0.2493,0.0,22.9
2025-01-12 03:00:00,Panel_B,0.0,0.0001,0.1954,-0.1953,0.0,32.9
2025-01-12 03:00:00,Panel_C,0.0,0.0036,0.2333,-0.2297,0.0,22.9
2025-01-12 04:00:00,Panel_A,0.0,0.0,0.213,-0.213,0.0,33.9
2025-01-12 04:00:00,Panel_B,0.0,0.0,0.1018,-0.1018,0.0,26.4
2025-01-12 04:00:00,Panel_C,0.0,0.0,0.2852,-0.2852,0.0,24.1
2025-01-12 05:00:00,Panel_A,0.0,0.0,0.1643,-0.1643,0.0,35.3
2025-01-12 05:00:00,Panel_B,0.0,0.003,0.2458,-0.2427,0.0,21.7
2025-01-12 05:00:00,Panel_C,0.0,0.0,0.1962,-0.1962,0.0,31.9
2025-01-12 06:00:00,Panel_A,180.75,0.0633,0.7785,-0.7152,0.0,36.6
2025-01-12 06:00:00,Panel_B,180.75,0.06,1.1953,-1.1353,0.0,20.8
2025-01-12 06:00:00,Panel_C,180.75,0.0654,0.7747,-0.7093,0.0,33.6
2025-01-12 07:00:00,Panel_A,354.42,0.1183,2.2875,-2.1693,0.0,24.5
2025-01-12 07:00:00,Panel_B,354.42,0.1291,2.0641,-1.935,0.0,26.5
2025-01-12 07:00:00,Panel_C,354.42,0.1286,1.6916,-1.563,0.0,36.5
2025-01-12 08:00:00,Panel_A,452.9,0.1631,1.7209,-1.5577,0.0,20.7
2025-01-12 08:00:00,Panel_B,452.9,0.1537,1.536,-1.3823,0.0,23.2
2025-01-12 08:00:00,Panel_C,452.9,0.1701,2.4505,-2.2804,0.0,30.5
2025-01-12 09:00:00,Panel_A,588.37,0.2217,2.0167,-1.795,0.0,33.7
2025-01-12 09:00:00,Panel_B,588.37,0.1981,1.7825,-1.5844,0.0,26.4
2025-01-12 09:00:00,Panel_C,588.37,0.2226,2.2804,-2.0577,0.0,28.6
2025-01-12 10:00:00,Panel_A,725.58,0.254,0.9138,-0.6598,0.0,23.4
2025-01-12 10:00:00,Panel_B,725.58,0.2539,0.7321,-0.4782,0.0,35.4
2025-01-12 10:00:00,Panel_C,725.58,0.2627,1.0676,-0.8049,0.0,35.0
2025-01-12 11:00:00,Panel_A,777.95,0.2862,1.0398,-0.7535,0.0,31.8
2025-01-12 11:00:00,Panel_B,777.95,0.2669,0.6061,-0.3392,0.0,35.8
2025-01-12 11:00:00,Panel_C,777.95,0.2867,0.7977,-0.5109,0.0,20.7
2025-01-12 12:00:00,Panel_A,815.98,0.2955,0.5,-0.2045,0.0,27.5
2025-01-12 12:00:00,Panel_B,815.98,0.2832,0.8658,-0.5826,0.0,21.0
2025-01-12 12:00:00,Panel_C,815.98,0.3046,0.6613,-0.3567,0.0,20.0
2025-01-12 13:00:00,Panel_A,713.71,0.2603,1.0193,-0.759,0.0,35.3
2025-01-12 13:00:00,Panel_B,713.71,0.2441,0.7958,-0.5518,0.0,25.5
2025-01-12 13:00:00,Panel_C,713.71,0.2772,1.0717,-0.7946,0.0,23.3
2025-01-12 14:00:00,Panel_A,630.43,0.2309,1.0647,-0.8338,0.0,37.7
2025-01-12 14:00:00,Panel_B,630.43,0.2194,1.028,-0.8086,0.0,27.1
2025-01-12 14:00:00,Panel_C,630.43,0.2483,0.5549,-0.3067,0.0,29.8
2025-01-12 15:00:00,Panel_A,603.0,0.2129,1.0464,-0.8335,0.0,30.5
2025-01-12 15:00:00,Panel_B,603.0,0.2137,1.1666,-0.9529,0.0,20.8
2025-01-12 15:00:00,Panel_C,603.0,0.2324,0.7076,-0.4752,0.0,32.9
2025-01-12 16:00:00,Panel_A,341.21,0.1209,0.8597,-0.7388,0.0,29.2
2025-01-12 16:00:00,Panel_B,341.21,0.1207,0.7585,-0.6378,0.0,36.8
2025-01-12 16:00:00,Panel_C,341.21,0.1323,1.0,-0.8677,0.0,28.3
2025-01-12 17:00:00,Panel_A,332.74,0.1209,1.0103,-0.8893,0.0,35.5
2025-01-12 17:00:00,Panel_B,332.74,0.1189,0.6919,-0.5729,0.0,34.5
2025-01-12 17:00:00,Panel_C,332.74,0.1237,0.7349,-0.6113,0.0,37.6
2025-01-12 18:00:00,Panel_A,129.05,0.0487,3.0906,-3.0419,0.0,30.1
2025-01-12 18:00:00,Panel_B,129.05,0.0491,3.4206,-3.3716,0.0,28.9
2025-01-12 18:00:00,Panel_C,129.05,0.0436,3.1793,-3.1357,0.0,33.2
2025-01-12 19:00:00,Panel_A,0.0,0.0,2.5765,-2.5765,0.0,20.5
2025-01-12 19:00:00,Panel_B,0.0,0.0,3.0573,-3.0573,0.0,34.7
2025-01-12 19:00:00,Panel_C,0.0,0.0,2.8196,-2.8196,0.0,37.4
2025-01-12 20:00:00,Panel_A,0.0,0.0,3.0777,-3.0776,0.0,35.5
2025-01-12 20:00:00,Panel_B,0.0,0.0,2.2689,-2.2689,0.0,34.4
2025-01-12 20:00:00,Panel_C,0.0,0.0,2.1976,-2.1976,0.0,35.6
2025-01-12 21:00:00,Panel_A,0.0,0.0055,2.2359,-2.2304,0.0,25.6
2025-01-12 21:00:00,Panel_B,0.0,0.0035,3.0091,-3.0056,0.0,34.3
2025-01-12 21:00:00,Panel_C,0.0,0.0,2.3757,-2.3757,0.0,31.2
2025-01-12 22:00:00,Panel_A,0.0,0.0061,3.3591,-3.3531,0.0,20.2
2025-01-12 22:00:00,Panel_B,0.0,0.0013,3.011,-3.0097,0.0,20.9
2025-01-12 22:00:00,Panel_C,0.0,0.0,2.4602,-2.4602,0.0,26.4
2025-01-12 23:00:00,Panel_A,0.0,0.002,0.9349,-0.9329,0.0,26.0
2025-01-12 23:00:00,Panel_B,0.0,0.0,0.5478,-0.5478,0.0,34.1
2025-01-12 23:00:00,Panel_C,0.0,0.0077,0.7,-0.6924,0.0,27.8
2025-01-13 00:00:00,Panel_A,0.0,0.0,0.1113,-0.1113,0.0,26.7
2025-01-13 00:00:00,Panel_B,0.0,0.0062,0.2889,-0.2827,0.0,31.6
2025-01-13 00:00:00,Panel_C,0.0,0.0056,0.1398,-0.1342,0.0,27.5
2025-01-13 01:00:00,Panel_A,0.0,0.0072,0.2502,-0.2429,0.0,21.8
2025-01-13 01:00:00,Panel_B,0.0,0.0,0.1864,-0.1864,0.0,37.6
2025-01-13 01:00:00,Panel_C,0.0,0.0,0.1135,-0.1135,0.0,29.3
2025-01-13 02:00:00,Panel_A,0.0,0.0,0.2476,-0.2476,0.0,32.7
2025-01-13 02:00:00,Panel_B,0.0,0.0,0.1845,-0.1845,0.0,26.2
2025-01-13 02:00:00,Panel_C,0.0,0.0,0.1411,-0.1411,0.0,28.7
2025-01-13 03:00:00,Panel_A,0.0,0.0,0.1537,-0.1537,0.0,25.2
2025-01-13 03:00:00,Panel_B,0.0,0.001,0.2207,-0.2197,0.0,21.4
2025-01-13 03:00:00,Panel_C,0.0,0.0003,0.1151,-0.1148,0.0,37.1
2025-01-13 04:00:00,Panel_A,0.0,0.0,0.2198,-0.2198,0.0,31.2
2025-01-13 04:00:00,Panel_B,0.0,0.0,0.2297,-0.2297,0.0,24.8
2025-01-13 04:00:00,Panel_C,0.0,0.0041,0.2413,-0.2373,0.0,31.0
2025-01-13 05:00:00,Panel_A,0.0,0.0,0.1626,-0.1626,0.0,24.9
2025-01-13 05:00:00,Panel_B,0.0,0.0051,0.2893,-0.2843,0.0,21.9
2025-01-13 05:00:00,Panel_C,0.0,0.0014,0.131,-0.1296,0.0,37.0
2025-01-13 06:00:00,Panel_A,211.63,0.0779,0.6418,-0.564,0.0,30.6
2025-01-13 06:00:00,Panel_B,211.63,0.0793,0.7857,-0.7064,0.0,20.3
2025-01-13 06:00:00,Panel_C,211.63,0.0863,0.908,-0.8218,0.0,24.6
2025-01-13 07:00:00,Panel_A,316.96,0.1138,1.899,-1.7852,0.0,35.1
2025-01-13 07:00:00,Panel_B,316.96,0.1138,2.477,-2.3632,0.0,21.8
2025-01-13 07:00:00,Panel_C,316.96,0.1153,1.5083,-1.393,0.0,27.8
2025-01-13 08:00:00,Panel_A,427.63,0.1521,2.4145,-2.2625,0.0,27.8
2025-01-13 08:00:00,Panel_B,427.63,0.1475,2.2234,-2.076,0.0,20.2
2025-01-13 08:00:00,Panel_C,427.63,0.1545,2.0895,-1.935,0.0,31.0
2025-01-13 09:00:00,Panel_A,489.44,0.1796,2.2141,-2.0344,0.0,21.6
2025-01-13 09:00:00,Panel_B,489.44,0.1728,2.2387,-2.0659,0.0,20.2
2025-01-13 09:00:00,Panel_C,489.44,0.1848,1.7484,-1.5636,0.0,23.9
2025-01-13 10:00:00,Panel_A,633.68,0.224,0.5438,-0.3198,0.0,28.3
2025-01-13 10:00:00,Panel_B,633.68,0.2252,0.971,-0.7458,0.0,21.5
2025-01-13 10:00:00,Panel_C,633.68,0.2482,1.166,-0.9178,0.0,35.1
2025-01-13 11:00:00,Panel_A,792.99,0.2878,1.1529,-0.8651,0.0,29.8
2025-01-13 11:00:00,Panel_B,792.99,0.28,1.02,-0.7401,0.0,33.3
2025-01-13 11:00:00,Panel_C,792.99,0.2951,0.865,-0.5699,0.0,21.2
2025-01-13 12:00:00,Panel_A,834.17,0.2993,0.9091,-0.6099,0.0,29.7
2025-01-13 12:00:00,Panel_B,834.17,0.288,1.1267,-0.8387,0.0,32.0
2025-01-13 12:00:00,Panel_C,834.17,0.3101,1.0512,-0.7411,0.0,28.2
2025-01-13 13:00:00,Panel_A,701.07,0.2559,0.9938,-0.738,0.0,27.7
2025-01-13 13:00:00,Panel_B,701.07,0.2553,1.1554,-0.9001,0.0,21.2
2025-01-13 13:00:00,Panel_C,701.07,0.2626,1.0773,-0.8147,0.0,25.3
2025-01-13 14:00:00,Panel_A,660.14,0.2374,0.7107,-0.4733,0.0,29.0
2025-01-13 14:00:00,Panel_B,660.14,0.231,1.149,-0.918,0.0,21.9
2025-01-13 14:00:00,Panel_C,660.14,0.2474,1.0351,-0.7877,0.0,27.4
2025-01-13 15:00:00,Panel_A,491.23,0.1809,0.6116,-0.4307,0.0,22.9
2025-01-13 15:00:00,Panel_B,491.23,0.1759,1.0699,-0.894,0.0,32.3
2025-01-13 15:00:00,Panel_C,491.23,0.1884,0.5773,-0.3889,0.0,25.2
2025-01-13 16:00:00,Panel_A,362.1,0.1262,0.8605,-0.7343,0.0,29.6
2025-01-13 16:00:00,Panel_B,362.1,0.12,1.08,-0.96,0.0,34.2
2025-01-13 16:00:00,Panel_C,362.1,0.131,0.7155,-0.5845,0.0,36.4
2025-01-13 17:00:00,Panel_A,282.09,0.1032,0.7481,-0.6449,0.0,29.1
2025-01-13 17:00:00,Panel_B,282.09,0.0976,0.8874,-0.7898,0.0,29.1
2025-01-13 17:00:00,Panel_C,282.09,0.1029,0.6357,-0.5328,0.0,35.5
2025-01-13 18:00:00,Panel_A,230.14,0.0853,3.2881,-3.2029,0.0,33.5
2025-01-13 18:00:00,Panel_B,230.14,0.0908,2.2405,-2.1497,0.0,32.1
2025-01-13 18:00:00,Panel_C,230.14,0.0818,2.2689,-2.1871,0.0,32.5
2025-01-13 19:00:00,Panel_A,0.0,0.0,2.2479,-2.2479,0.0,20.0
2025-01-13 19:00:00,Panel_B,0.0,0.0,3.0781,-3.0781,0.0,33.2
2025-01-13 19:00:00,Panel_C,0.0,0.0,2.1253,-2.1253,0.0,20.3
2025-01-13 20:00:00,Panel_A,0.0,0.0003,2.2486,-2.2483,0.0,36.0
2025-01-13 20:00:00,Panel_B,0.0,0.0,2.158,-2.158,0.0,24.0
2025-01-13 20:00:00,Panel_C,0.0,0.0,2.7788,-2.7788,0.0,30.9
2025-01-13 21:00:00,Panel_A,0.0,0.0,2.3293,-2.3293,0.0,37.3
2025-01-13 21:00:00,Panel_B,0.0,0.0,2.9245,-2.9245,0.0,30.0
2025-01-13 21:00:00,Panel_C,0.0,0.0,2.8114,-2.8114,0.0,32.5
2025-01-13 22:00:00,Panel_A,0.0,0.0,3.0532,-3.0532,0.0,23.1
2025-01-13 22:00:00,Panel_B,0.0,0.0,3.3058,-3.3058,0.0,31.4
2025-01-13 22:00:00,Panel_C,0.0,0.0,2.7988,-2.7987,0.0,22.1
2025-01-13 23:00:00,Panel_A,0.0,0.0,0.736,-0.736,0.0,22.6
2025-01-13 23:00:00,Panel_B,0.0,0.0013,0.9845,-0.9832,0.0,23.7
2025-01-13 23:00:00,Panel_C,0.0,0.0043,0.643,-0.6387,0.0,29.1
2025-01-14 00:00:00,Panel_A,0.0,0.0,0.1839,-0.1839,0.0,20.3
2025-01-14 00:00:00,Panel_B,0.0,0.0131,0.2257,-0.2126,0.0,32.4
2025-01-14 00:00:00,Panel_C,0.0,0.0,0.1507,-0.1507,0.0,20.2
2025-01-14 01:00:00,Panel_A,0.0,0.0014,0.2672,-0.2658,0.0,34.8
2025-01-14 01:00:00,Panel_B,0.0,0.0088,0.2687,-0.2599,0.0,28.7
2025-01-14 01:00:00,Panel_C,0.0,0.0055,0.1903,-0.1848,0.0,23.3
2025-01-14 02:00:00,Panel_A,0.0,0.0,0.271,-0.271,0.0,35.9
2025-01-14 02:00:00,Panel_B,0.0,0.0,0.1776,-0.1776,0.0,34.5
2025-01-14 02:00:00,Panel_C,0.0,0.0,0.2804,-0.2804,0.0,23.7
2025-01-14 03:00:00,Panel_A,0.0,0.0042,0.2936,-0.2894,0.0,21.2
2025-01-14 03:00:00,Panel_B,0.0,0.0,0.2297,-0.2297,0.0,21.3
2025-01-14 03:00:00,Panel_C,0.0,0.006,0.1867,-0.1807,0.0,37.9
2025-01-14 04:00:00,Panel_A,0.0,0.0,0.2118,-0.2118,0.0,25.8
2025-01-14 04:00:00,Panel_B,0.0,0.0,0.1745,-0.1745,0.0,21.2
2025-01-14 04:00:00,Panel_C,0.0,0.0,0.1739,-0.1739,0.0,28.4
2025-01-14 05:00:00,Panel_A,0.0,0.0045,0.2418,-0.2373,0.0,20.2
2025-01-14 05:00:00,Panel_B,0.0,0.0064,0.1435,-0.1372,0.0,31.9
2025-01-14 05:00:00,Panel_C,0.0,0.0,0.2609,-0.2609,0.0,33.9
2025-01-14 06:00:00,Panel_A,183.73,0.0625,1.0366,-0.9741,0.0,30.5
2025-01-14 06:00:00,Panel_B,183.73,0.0647,1.0474,-0.9827,0.0,33.5
2025-01-14 06:00:00,Panel_C,183.73,0.0702,0.5982,-0.528,0.0,32.1
2025-01-14 07:00:00,Panel_A,358.88,0.1362,1.6699,-1.5337,0.0,23.5
2025-01-14 07:00:00,Panel_B,358.88,0.1291,2.3904,-2.2613,0.0,33.5
2025-01-14 07:00:00,Panel_C,358.88,0.1374,2.0972,-1.9598,0.0,31.8
2025-01-14 08:00:00,Panel_A,431.93,0.1564,2.1324,-1.9759,0.0,22.8
2025-01-14 08:00:00,Panel_B,431.93,0.1559,1.9739,-1.818,0.0,32.9
2025-01-14 08:00:00,Panel_C,431.93,0.1599,1.8138,-1.6539,0.0,24.3
2025-01-14 09:00:00,Panel_A,521.45,0.1859,2.4078,-2.222,0.0,29.1
2025-01-14 09:00:00,Panel_B,521.45,0.1755,1.6879,-1.5124,0.0,21.4
2025-01-14 09:00:00,Panel_C,521.45,0.1936,2.3218,-2.1282,0.0,31.9
2025-01-14 10:00:00,Panel_A,755.46,0.2687,0.9847,-0.716,0.0,24.8
2025-01-14 10:00:00,Panel_B,755.46,0.2687,1.1573,-0.8887,0.0,31.5
2025-01-14 10:00:00,Panel_C,755.46,0.2812,0.6336,-0.3525,0.0,32.5
2025-01-14 11:00:00,Panel_A,723.25,0.2627,0.6852,-0.4226,0.0,31.9
2025-01-14 11:00:00,Panel_B,723.25,0.2463,1.0705,-0.8242,0.0,34.0
2025-01-14 11:00:00,Panel_C,723.25,0.2714,0.5619,-0.2905,0.0,32.6
2025-01-14 12:00:00,Panel_A,829.1,0.2934,0.5218,-0.2284,0.0,24.7
2025-01-14 12:00:00,Panel_B,829.1,0.2804,0.5236,-0.2432,0.0,35.8
2025-01-14 12:00:00,Panel_C,829.1,0.3168,0.5273,-0.2105,0.0,32.0
2025-01-14 13:00:00,Panel_A,689.76,0.2517,1.1217,-0.87,0.0,25.9
2025-01-14 13:00:00,Panel_B,689.76,0.2399,1.1307,-0.8908,0.0,37.9
2025-01-14 13:00:00,Panel_C,689.76,0.2638,0.6743,-0.4105,0.0,30.4
2025-01-14 14:00:00,Panel_A,695.3,0.2541,1.1006,-0.8465,0.0,38.0
2025-01-14 14:00:00,Panel_B,695.3,0.2464,0.669,-0.4226,0.0,20.7
2025-01-14 14:00:00,Panel_C,695.3,0.2591,0.5157,-0.2566,0.0,26.5
2025-01-14 15:00:00,Panel_A,541.85,0.1967,0.7189,-0.5222,0.0,31.8
2025-01-14 15:00:00,Panel_B,541.85,0.1968,0.6624,-0.4656,0.0,20.3
2025-01-14 15:00:00,Panel_C,541.85,0.209,1.0336,-0.8246,0.0,20.7
2025-01-14 16:00:00,Panel_A,482.81,0.1757,0.8944,-0.7186,0.0,31.2
2025-01-14 16:00:00,Panel_B,482.81,0.1744,1.1051,-0.9307,0.0,30.6
2025-01-14 16:00:00,Panel_C,482.81,0.1842,1.0297,-0.8455,0.0,28.0
2025-01-14 17:00:00,Panel_A,289.55,0.1001,0.6602,-0.5601,0.0,30.7
2025-01-14 17:00:00,Panel_B,289.55,0.109,1.1497,-1.0407,0.0,36.7
2025-01-14 17:00:00,Panel_C,289.55,0.1119,0.6481,-0.5363,0.0,37.9
2025-01-14 18:00:00,Panel_A,79.05,0.0316,2.8897,-2.8582,0.0,21.0
2025-01-14 18:00:00,Panel_B,79.05,0.0321,2.6821,-2.6501,0.0,32.1
2025-01-14 18:00:00,Panel_C,79.05,0.0247,3.4125,-3.3878,0.0,23.0
2025-01-14 19:00:00,Panel_A,0.0,0.0074,2.7505,-2.7431,0.0,32.4
2025-01-14 19:00:00,Panel_B,0.0,0.0051,2.4129,-2.4079,0.0,22.8
2025-01-14 19:00:00,Panel_C,0.0,0.0067,2.9539,-2.9472,0.0,30.8
2025-01-14 20:00:00,Panel_A,0.0,0.0028,2.6828,-2.6799,0.0,32.0
2025-01-14 20:00:00,Panel_B,0.0,0.0,3.2561,-3.2561,0.0,23.1
2025-01-14 20:00:00,Panel_C,0.0,0.0078,3.2572,-3.2495,0.0,34.5
2025-01-14 21:00:00,Panel_A,0.0,0.0043,3.4414,-3.4371,0.0,29.6
2025-01-14 21:00:00,Panel_B,0.0,0.0,2.2305,-2.2305,0.0,30.3
2025-01-14 21:00:00,Panel_C,0.0,0.0,2.4155,-2.4155,0.0,36.6
2025-01-14 22:00:00,Panel_A,0.0,0.0088,2.5324,-2.5236,0.0,20.9
2025-01-14 22:00:00,Panel_B,0.0,0.0079,2.0476,-2.0398,0.0,27.6
2025-01-14 22:00:00,Panel_C,0.0,0.001,3.3215,-3.3205,0.0,35.9
2025-01-14 23:00:00,Panel_A,0.0,0.0,0.9613,-0.9613,0.0,23.8
2025-01-14 23:00:00,Panel_B,0.0,0.0031,0.7006,-0.6974,0.0,34.4
2025-01-14 23:00:00,Panel_C,0.0,0.0,1.1981,-1.1981,0.0,20.5
2025-01-15 00:00:00,Panel_A,0.0,0.0013,0.2947,-0.2934,0.0,28.4
2025-01-15 00:00:00,Panel_B,0.0,0.0041,0.2695,-0.2654,0.0,21.1
2025-01-15 00:00:00,Panel_C,0.0,0.0,0.2951,-0.2951,0.0,34.7
2025-01-15 01:00:00,Panel_A,0.0,0.0,0.2705,-0.2705,0.0,36.9
2025-01-15 01:00:00,Panel_B,0.0,0.0,0.1142,-0.1142,0.0,23.8
2025-01-15 01:00:00,Panel_C,0.0,0.0,0.1459,-0.1459,0.0,28.4
2025-01-15 02:00:00,Panel_A,0.0,0.0,0.1335,-0.1335,0.0,22.7
2025-01-15 02:00:00,Panel_B,0.0,0.0,0.2946,-0.2946,0.0,33.7
2025-01-15 02:00:00,Panel_C,0.0,0.0,0.1557,-0.1557,0.0,34.4
2025-01-15 03:00:00,Panel_A,0.0,0.0024,0.1653,-0.1629,0.0,25.4
2025-01-15 03:00:00,Panel_B,0.0,0.0,0.1513,-0.1513,0.0,26.4
2025-01-15 03:00:00,Panel_C,0.0,0.0,0.2348,-0.2348,0.0,21.1
2025-01-15 04:00:00,Panel_A,0.0,0.003,0.1294,-0.1264,0.0,26.2
2025-01-15 04:00:00,Panel_B,0.0,0.0,0.2729,-0.2729,0.0,22.8
2025-01-15 04:00:00,Panel_C,0.0,0.0,0.1605,-0.1605,0.0,30.1
2025-01-15 05:00:00,Panel_A,0.0,0.0,0.2608,-0.2608,0.0,22.5
2025-01-15 05:00:00,Panel_B,0.0,0.0009,0.1288,-0.1279,0.0,31.2
2025-01-15 05:00:00,Panel_C,0.0,0.0135,0.1547,-0.1413,0.0,28.8
2025-01-15 06:00:00,Panel_A,180.02,0.0606,0.7145,-0.6539,0.0,34.8
2025-01-15 06:00:00,Panel_B,180.02,0.0624,0.8209,-0.7585,0.0,33.1
2025-01-15 06:00:00,Panel_C,180.02,0.0652,0.902,-0.8368,0.0,32.0
2025-01-15 07:00:00,Panel_A,312.46,0.1143,1.8139,-1.6995,0.0,29.7
2025-01-15 07:00:00,Panel_B,312.46,0.108,1.6952,-1.5872,0.0,28.8
2025-01-15 07:00:00,Panel_C,312.46,0.123,2.2416,-2.1187,0.0,28.9
2025-01-15 08:00:00,Panel_A,478.7,0.172,1.8614,-1.6894,0.0,35.5
2025-01-15 08:00:00,Panel_B,478.7,0.159,1.954,-1.795,0.0,33.7
2025-01-15 08:00:00,Panel_C,478.7,0.1773,1.626,-1.4487,0.0,23.5
2025-01-15 09:00:00,Panel_A,649.26,0.2419,1.9896,-1.7478,0.0,31.6
2025-01-15 09:00:00,Panel_B,649.26,0.2287,1.8722,-1.6435,0.0,31.9
2025-01-15 09:00:00,Panel_C,649.26,0.2391,1.6412,-1.4021,0.0,30.3
2025-01-15 10:00:00,Panel_A,650.05,0.2298,0.6531,-0.4233,0.0,23.3
2025-01-15 10:00:00,Panel_B,650.05,0.2248,1.149,-0.9242,0.0,37.5
2025-01-15 10:00:00,Panel_C,650.05,0.2512,0.8999,-0.6487,0.0,22.6
2025-01-15 11:00:00,Panel_A,828.9,0.2958,0.7572,-0.4613,0.0,21.6
2025-01-15 11:00:00,Panel_B,828.9,0.296,1.0571,-0.7611,0.0,23.2
2025-01-15 11:00:00,Panel_C,828.9,0.316,0.9709,-0.655,0.0,24.0
2025-01-15 12:00:00,Panel_A,820.43,0.2938,0.6748,-0.381,0.0,24.7
2025-01-15 12:00:00,Panel_B,820.43,0.2898,1.0252,-0.7354,0.0,22.7
2025-01-15 12:00:00,Panel_C,820.43,0.3179,0.8208,-0.5029,0.0,26.3
2025-01-15 13:00:00,Panel_A,766.45,0.2714,1.1445,-0.8731,0.0,20.7
2025-01-15 13:00:00,Panel_B,766.45,0.2636,0.6667,-0.4031,0.0,36.4
2025-01-15 13:00:00,Panel_C,766.45,0.2879,0.8276,-0.5397,0.0,28.4
2025-01-15 14:00:00,Panel_A,649.15,0.236,0.8411,-0.6051,0.0,27.7
2025-01-15 14:00:00,Panel_B,649.15,0.2246,1.0793,-0.8547,0.0,23.1
2025-01-15 14:00:00,Panel_C,649.15,0.2536,0.5213,-0.2677,0.0,23.7
2025-01-15 15:00:00,Panel_A,561.12,0.1913,0.9306,-0.7392,0.0,36.4
2025-01-15 15:00:00,Panel_B,561.12,0.1989,0.5352,-0.3362,0.0,20.6
2025-01-15 15:00:00,Panel_C,561.12,0.2329,0.8858,-0.653,0.0,27.9
2025-01-15 16:00:00,Panel_A,401.99,0.1462,0.5175,-0.3713,0.0,28.1
2025-01-15 16:00:00,Panel_B,401.99,0.1378,0.9258,-0.788,0.0,25.1
2025-01-15 16:00:00,Panel_C,401.99,0.1544,0.6214,-0.467,0.0,26.8
2025-01-15 17:00:00,Panel_A,265.86,0.102,1.0255,-0.9235,0.0,22.3
2025-01-15 17:00:00,Panel_B,265.86,0.0894,0.9742,-0.8848,0.0,30.2
2025-01-15 17:00:00,Panel_C,265.86,0.1048,1.1504,-1.0456,0.0,27.0
2025-01-15 18:00:00,Panel_A,188.96,0.0745,3.1629,-3.0884,0.0,24.2
2025-01-15 18:00:00,Panel_B,188.96,0.0652,3.4422,-3.3771,0.0,32.0
2025-01-15 18:00:00,Panel_C,188.96,0.0715,3.3998,-3.3283,0.0,24.8
2025-01-15 19:00:00,Panel_A,0.0,0.0079,2.4763,-2.4684,0.0,35.3
2025-01-15 19:00:00,Panel_B,0.0,0.0049,3.4207,-3.4158,0.0,35.9
2025-01-15 19:00:00,Panel_C,0.0,0.0,2.4224,-2.4224,0.0,37.3
2025-01-15 20:00:00,Panel_A,0.0,0.0048,2.0154,-2.0107,0.0,32.9
2025-01-15 20:00:00,Panel_B,0.0,0.0044,3.4852,-3.4808,0.0,25.6
2025-01-15 20:00:00,Panel_C,0.0,0.0074,2.51,-2.5026,0.0,21.4
2025-01-15 21:00:00,Panel_A,0.0,0.0,2.5151,-2.5151,0.0,35.0
2025-01-15 21:00:00,Panel_B,0.0,0.0,3.4032,-3.4032,0.0,23.3
2025-01-15 21:00:00,Panel_C,0.0,0.0032,2.0927,-2.0895,0.0,21.7
2025-01-15 22:00:00,Panel_A,0.0,0.0,2.2442,-2.2442,0.0,30.7
2025-01-15 22:00:00,Panel_B,0.0,0.0004,2.37,-2.3696,0.0,28.5
2025-01-15 22:00:00,Panel_C,0.0,0.0,2.9929,-2.9929,0.0,33.5
2025-01-15 23:00:00,Panel_A,0.0,0.0023,1.1331,-1.1307,0.0,34.7
2025-01-15 23:00:00,Panel_B,0.0,0.0076,1.0299,-1.0223,0.0,21.0
2025-01-15 23:00:00,Panel_C,0.0,0.0,0.7817,-0.7817,0.0,35.9
2025-01-16 00:00:00,Panel_A,0.0,0.0087,0.2791,-0.2704,0.0,36.4
2025-01-16 00:00:00,Panel_B,0.0,0.0057,0.1543,-0.1486,0.0,23.4
2025-01-16 00:00:00,Panel_C,0.0,0.0,0.1369,-0.1369,0.0,26.2
2025-01-16 01:00:00,Panel_A,0.0,0.0061,0.124,-0.1179,0.0,33.2
2025-01-16 01:00:00,Panel_B,0.0,0.0,0.2063,-0.2063,0.0,25.2
2025-01-16 01:00:00,Panel_C,0.0,0.0,0.2192,-0.2192,0.0,27.8
2025-01-16 02:00:00,Panel_A,0.0,0.0,0.1329,-0.1329,0.0,22.1
2025-01-16 02:00:00,Panel_B,0.0,0.0046,0.1688,-0.1642,0.0,33.2
2025-01-16 02:00:00,Panel_C,0.0,0.0005,0.2317,-0.2312,0.0,36.8
2025-01-16 03:00:00,Panel_A,0.0,0.0013,0.2314,-0.2301,0.0,36.2
2025-01-16 03:00:00,Panel_B,0.0,0.0064,0.1799,-0.1735,0.0,25.9
2025-01-16 03:00:00,Panel_C,0.0,0.0,0.2154,-0.2154,0.0,28.4
2025-01-16 04:00:00,Panel_A,0.0,0.0005,0.1237,-0.1233,0.0,37.7
2025-01-16 04:00:00,Panel_B,0.0,0.0076,0.1065,-0.0989,0.0,31.9
2025-01-16 04:00:00,Panel_C,0.0,0.003,0.2065,-0.2034,0.0,21.9
2025-01-16 05:00:00,Panel_A,0.0,0.0013,0.1593,-0.158,0.0,36.9
2025-01-16 05:00:00,Panel_B,0.0,0.0,0.2637,-0.2637,0.0,37.7
2025-01-16 05:00:00,Panel_C,0.0,0.0,0.1101,-0.1101,0.0,20.9
2025-01-16 06:00:00,Panel_A,141.03,0.0487,0.6586,-0.6099,0.0,31.1
2025-01-16 06:00:00,Panel_B,141.03,0.0588,0.677,-0.6182,0.0,30.4
2025-01-16 06:00:00,Panel_C,141.03,0.059,1.0745,-1.0155,0.0,28.6
2025-01-16 07:00:00,Panel_A,264.8,0.0889,2.3057,-2.2168,0.0,25.9
2025-01-16 07:00:00,Panel_B,264.8,0.0857,1.7091,-1.6234,0.0,21.5
2025-01-16 07:00:00,Panel_C,264.8,0.093,2.3409,-2.2479,0.0,24.0
2025-01-16 08:00:00,Panel_A,274.75,0.1049,2.3236,-2.2187,0.0,26.9
2025-01-16 08:00:00,Panel_B,274.75,0.0938,1.9591,-1.8653,0.0,25.5
2025-01-16 08:00:00,Panel_C,274.75,0.1054,2.0316,-1.9262,0.0,20.6
2025-01-16 09:00:00,Panel_A,576.52,0.1951,1.6612,-1.4661,0.0,31.8
2025-01-16 09:00:00,Panel_B,576.52,0.1985,2.4712,-2.2727,0.0,30.1
2025-01-16 09:00:00,Panel_C,576.52,0.2174,1.9177,-1.7003,0.0,22.1
2025-01-16 10:00:00,Panel_A,688.02,0.2507,0.9632,-0.7125,0.0,21.4
2025-01-16 10:00:00,Panel_B,688.02,0.2416,0.7483,-0.5067,0.0,29.9
2025-01-16 10:00:00,Panel_C,688.02,0.2672,1.0703,-0.803,0.0,31.0
2025-01-16 11:00:00,Panel_A,751.19,0.2636,0.5741,-0.3105,0.0,26.4
2025-01-16 11:00:00,Panel_B,751.19,0.2594,0.7892,-0.5299,0.0,32.2
2025-01-16 11:00:00,Panel_C,751.19,0.2827,0.7767,-0.494,0.0,23.3
2025-01-16 12:00:00,Panel_A,810.22,0.2933,0.5293,-0.2361,0.0,27.5
2025-01-16 12:00:00,Panel_B,810.22,0.2819,0.6177,-0.3358,0.0,35.8
2025-01-16 12:00:00,Panel_C,810.22,0.3003,0.8517,-0.5514,0.0,33.2
2025-01-16 13:00:00,Panel_A,784.08,0.2834,0.9409,-0.6575,0.0,27.3
2025-01-16 13:00:00,Panel_B,784.08,0.2779,1.0267,-0.7488,0.0,29.6
2025-01-16 13:00:00,Panel_C,784.08,0.2943,1.012,-0.7178,0.0,34.8
2025-01-16 14:00:00,Panel_A,770.4,0.2785,0.8782,-0.5997,0.0,35.2
2025-01-16 14:00:00,Panel_B,770.4,0.2684,0.8019,-0.5335,0.0,26.8
2025-01-16 14:00:00,Panel_C,770.4,0.2918,1.0909,-0.7991,0.0,28.7
2025-01-16 15:00:00,Panel_A,569.56,0.1953,0.9011,-0.7058,0.0,25.9
2025-01-16 15:00:00,Panel_B,569.56,0.2001,0.5275,-0.3274,0.0,24.9
2025-01-16 15:00:00,Panel_C,569.56,0.216,1.0099,-0.7939,0.0,26.2
2025-01-16 16:00:00,Panel_A,437.34,0.1627,1.1627,-1.0001,0.0,27.2
2025-01-16 16:00:00,Panel_B,437.34,0.156,1.0483,-0.8923,0.0,24.8
2025-01-16 16:00:00,Panel_C,437.34,0.1744,0.9816,-0.8072,0.0,22.2
2025-01-16 17:00:00,Panel_A,341.89,0.1166,0.7151,-0.5984,0.0,29.8
2025-01-16 17:00:00,Panel_B,341.89,0.1225,0.792,-0.6695,0.0,22.9
2025-01-16 17:00:00,Panel_C,341.89,0.1284,1.0301,-0.9017,0.0,36.2
2025-01-16 18:00:00,Panel_A,123.58,0.0435,2.1504,-2.1069,0.0,20.3
2025-01-16 18:00:00,Panel_B,123.58,0.0395,2.9926,-2.9531,0.0,30.8
2025-01-16 18:00:00,Panel_C,123.58,0.0445,2.0356,-1.991,0.0,35.0
2025-01-16 19:00:00,Panel_A,0.0,0.0,3.462,-3.462,0.0,22.4
2025-01-16 19:00:00,Panel_B,0.0,0.0025,3.3897,-3.3872,0.0,27.6
2025-01-16 19:00:00,Panel_C,0.0,0.0,2.0759,-2.0759,0.0,20.7
2025-01-16 20:00:00,Panel_A,0.0,0.0,2.043,-2.043,0.0,30.5
2025-01-16 20:00:00,Panel_B,0.0,0.0066,2.017,-2.0104,0.0,34.2
2025-01-16 20:00:00,Panel_C,0.0,0.0,2.8825,-2.8825,0.0,27.2
2025-01-16 21:00:00,Panel_A,0.0,0.0,3.4607,-3.4607,0.0,29.8
2025-01-16 21:00:00,Panel_B,0.0,0.0048,2.4072,-2.4025,0.0,36.3
2025-01-16 21:00:00,Panel_C,0.0,0.0,2.5621,-2.5621,0.0,29.9
2025-01-16 22:00:00,Panel_A,0.0,0.0,3.2485,-3.2485,0.0,34.5
2025-01-16 22:00:00,Panel_B,0.0,0.0,2.3365,-2.3365,0.0,24.1
2025-01-16 22:00:00,Panel_C,0.0,0.0,2.5062,-2.5062,0.0,35.7
2025-01-16 23:00:00,Panel_A,0.0,0.0,0.5585,-0.5585,0.0,23.8
2025-01-16 23:00:00,Panel_B,0.0,0.0,0.7341,-0.7341,0.0,27.1
2025-01-16 23:00:00,Panel_C,0.0,0.0,0.871,-0.871,0.0,22.9
2025-01-17 00:00:00,Panel_A,0.0,0.0066,0.252,-0.2454,0.0,22.8
2025-01-17 00:00:00,Panel_B,0.0,0.0016,0.1298,-0.1283,0.0,24.8
2025-01-17 00:00:00,Panel_C,0.0,0.0,0.2359,-0.2359,0.0,21.0
2025-01-17 01:00:00,Panel_A,0.0,0.0,0.1069,-0.1069,0.0,27.1
2025-01-17 01:00:00,Panel_B,0.0,0.0,0.2283,-0.2283,0.0,24.7
2025-01-17 01:00:00,Panel_C,0.0,0.003,0.2772,-0.2742,0.0,36.1
2025-01-17 02:00:00,Panel_A,0.0,0.0,0.1823,-0.1823,0.0,24.3
2025-01-17 02:00:00,Panel_B,0.0,0.0,0.2345,-0.2345,0.0,34.9
2025-01-17 02:00:00,Panel_C,0.0,0.0049,0.1794,-0.1745,0.0,22.8
2025-01-17 03:00:00,Panel_A,0.0,0.0026,0.2476,-0.245,0.0,26.5
2025-01-17 03:00:00,Panel_B,0.0,0.0,0.1162,-0.1162,0.0,37.9
2025-01-17 03:00:00,Panel_C,0.0,0.0045,0.1312,-0.1268,0.0,37.8
2025-01-17 04:00:00,Panel_A,0.0,0.0045,0.2732,-0.2688,0.0,25.2
2025-01-17 04:00:00,Panel_B,0.0,0.0091,0.1935,-0.1844,0.0,31.1
2025-01-17 04:00:00,Panel_C,0.0,0.0,0.1661,-0.1661,0.0,30.2
2025-01-17 05:00:00,Panel_A,0.0,0.0,0.2701,-0.2701,0.0,23.6
2025-01-17 05:00:00,Panel_B,0.0,0.0009,0.2647,-0.2637,0.0,30.0
2025-01-17 05:00:00,Panel_C,0.0,0.0021,0.2559,-0.2538,0.0,20.3
2025-01-17 06:00:00,Panel_A,136.44,0.0457,1.0358,-0.99,0.0,24.6
2025-01-17 06:00:00,Panel_B,136.44,0.0523,0.727,-0.6748,0.0,32.2
2025-01-17 06:00:00,Panel_C,136.44,0.0541,0.916,-0.8619,0.0,30.9
2025-01-17 07:00:00,Panel_A,325.14,0.126,1.9291,-1.8031,0.0,25.0
2025-01-17 07:00:00,Panel_B,325.14,0.1101,2.1924,-2.0822,0.0,24.2
2025-01-17 07:00:00,Panel_C,325.14,0.1272,2.1253,-1.9982,0.0,33.4
2025-01-17 08:00:00,Panel_A,430.55,0.1501,2.3494,-2.1994,0.0,20.8
2025-01-17 08:00:00,Panel_B,430.55,0.1465,1.9785,-1.8321,0.0,36.7
2025-01-17 08:00:00,Panel_C,430.55,0.1699,1.832,-1.6621,0.0,28.4
2025-01-17 09:00:00,Panel_A,500.51,0.1897,2.0481,-1.8584,0.0,23.1
2025-01-17 09:00:00,Panel_B,500.51,0.1802,2.4653,-2.2851,0.0,20.9
2025-01-17 09:00:00,Panel_C,500.51,0.1839,2.3904,-2.2065,0.0,30.4
2025-01-17 10:00:00,Panel_A,680.12,0.2592,0.5486,-0.2894,0.0,21.6
2025-01-17 10:00:00,Panel_B,680.12,0.2297,1.1421,-0.9124,0.0,27.3
2025-01-17 10:00:00,Panel_C,680.12,0.2637,0.6003,-0.3366,0.0,32.9
2025-01-17 11:00:00,Panel_A,779.45,0.2713,0.9885,-0.7172,0.0,36.2
2025-01-17 11:00:00,Panel_B,779.45,0.276,0.9757,-0.6997,0.0,37.0
2025-01-17 11:00:00,Panel_C,779.45,0.3015,0.7071,-0.4056,0.0,20.0
2025-01-17 12:00:00,Panel_A,755.95,0.2686,0.9633,-0.6947,0.0,31.4
2025-01-17 12:00:00,Panel_B,755.95,0.2634,1.0101,-0.7468,0.0,25.8
2025-01-17 12:00:00,Panel_C,755.95,0.2875,0.9655,-0.678,0.0,30.0
2025-01-17 13:00:00,Panel_A,724.09,0.2588,0.5661,-0.3073,0.0,35.0
2025-01-17 13:00:00,Panel_B,724.09,0.2546,0.5724,-0.3178,0.0,27.2
2025-01-17 13:00:00,Panel_C,724.09,0.2784,1.0103,-0.7319,0.0,34.0
2025-01-17 14:00:00,Panel_A,633.68,0.2349,0.6781,-0.4432,0.0,20.2
2025-01-17 14:00:00,Panel_B,633.68,0.2276,1.1703,-0.9427,0.0,30.2
2025-01-17 14:00:00,Panel_C,633.68,0.2415,0.8601,-0.6187,0.0,21.5
2025-01-17 15:00:00,Panel_A,446.44,0.1651,0.925,-0.7599,0.0,27.0
2025-01-17 15:00:00,Panel_B,446.44,0.1546,0.7204,-0.5658,0.0,21.7
2025-01-17 15:00:00,Panel_C,446.44,0.1686,0.6238,-0.4552,0.0,37.8
2025-01-17 16:00:00,Panel_A,487.29,0.163,1.1115,-0.9485,0.0,37.9
2025-01-17 16:00:00,Panel_B,487.29,0.1769,0.7289,-0.5519,0.0,25.5
2025-01-17 16:00:00,Panel_C,487.29,0.1869,0.7819,-0.595,0.0,32.1
2025-01-17 17:00:00,Panel_A,230.69,0.0887,0.5932,-0.5045,0.0,31.4
2025-01-17 17:00:00,Panel_B,230.69,0.0818,0.9854,-0.9036,0.0,32.6
2025-01-17 17:00:00,Panel_C,230.69,0.0825,1.0274,-0.9449,0.0,35.7
2025-01-17 18:00:00,Panel_A,272.11,0.098,2.9288,-2.8308,0.0,23.4
2025-01-17 18:00:00,Panel_B,272.11,0.1057,3.2749,-3.1693,0.0,23.5
2025-01-17 18:00:00,Panel_C,272.11,0.0983,2.1883,-2.09,0.0,37.3
2025-01-17 19:00:00,Panel_A,0.0,0.0,2.8783,-2.8783,0.0,29.7
2025-01-17 19:00:00,Panel_B,0.0,0.0,2.129,-2.129,0.0,21.0
2025-01-17 19:00:00,Panel_C,0.0,0.001,2.8165,-2.8155,0.0,24.2
2025-01-17 20:00:00,Panel_A,0.0,0.0,2.9567,-2.9567,0.0,34.8
2025-01-17 20:00:00,Panel_B,0.0,0.0,3.034,-3.034,0.0,24.5
2025-01-17 20:00:00,Panel_C,0.0,0.0,2.4617,-2.4617,0.0,31.0
2025-01-17 21:00:00,Panel_A,0.0,0.0079,2.5472,-2.5393,0.0,31.5
2025-01-17 21:00:00,Panel_B,0.0,0.0029,2.6993,-2.6964,0.0,23.4
2025-01-17 21:00:00,Panel_C,0.0,0.0025,2.5379,-2.5354,0.0,36.4
2025-01-17 22:00:00,Panel_A,0.0,0.009,2.0314,-2.0224,0.0,25.7
2025-01-17 22:00:00,Panel_B,0.0,0.0,3.0135,-3.0135,0.0,27.1
2025-01-17 22:00:00,Panel_C,0.0,0.0062,3.1344,-3.1282,0.0,28.2
2025-01-17 23:00:00,Panel_A,0.0,0.0034,0.6756,-0.6722,0.0,22.2
2025-01-17 23:00:00,Panel_B,0.0,0.0,0.9092,-0.9092,0.0,37.4
2025-01-17 23:00:00,Panel_C,0.0,0.0,0.7375,-0.7375,0.0,29.1
2025-01-18 00:00:00,Panel_A,0.0,0.0,0.1324,-0.1324,0.0,31.8
2025-01-18 00:00:00,Panel_B,0.0,0.0,0.123,-0.123,0.0,35.9
2025-01-18 00:00:00,Panel_C,0.0,0.0,0.183,-0.183,0.0,27.0
2025-01-18 01:00:00,Panel_A,0.0,0.0,0.2296,-0.2296,0.0,21.1
2025-01-18 01:00:00,Panel_B,0.0,0.0098,0.2627,-0.253,0.0,36.9
2025-01-18 01:00:00,Panel_C,0.0,0.002,0.1303,-0.1283,0.0,28.6
2025-01-18 02:00:00,Panel_A,0.0,0.0007,0.2204,-0.2197,0.0,30.5
2025-01-18 02:00:00,Panel_B,0.0,0.0,0.1254,-0.1254,0.0,27.1
2025-01-18 02:00:00,Panel_C,0.0,0.0,0.1325,-0.1325,0.0,33.2
2025-01-18 03:00:00,Panel_A,0.0,0.0108,0.2744,-0.2636,0.0,30.4
2025-01-18 03:00:00,Panel_B,0.0,0.006,0.1691,-0.1631,0.0,34.5
2025-01-18 03:00:00,Panel_C,0.0,0.0,0.2132,-0.2132,0.0,36.3
2025-01-18 04:00:00,Panel_A,0.0,0.0004,0.1793,-0.1789,0.0,25.3
2025-01-18 04:00:00,Panel_B,0.0,0.0,0.1866,-0.1866,0.0,30.7
2025-01-18 04:00:00,Panel_C,0.0,0.0,0.1161,-0.1161,0.0,36.9
2025-01-18 05:00:00,Panel_A,0.0,0.0025,0.2657,-0.2632,0.0,21.4
2025-01-18 05:00:00,Panel_B,0.0,0.0074,0.1954,-0.1879,0.0,31.3
2025-01-18 05:00:00,Panel_C,0.0,0.0025,0.1554,-0.153,0.0,36.9
2025-01-18 06:00:00,Panel_A,212.54,0.0787,0.9065,-0.8278,0.0,36.8
2025-01-18 06:00:00,Panel_B,212.54,0.0617,0.9706,-0.9088,0.0,28.7
2025-01-18 06:00:00,Panel_C,212.54,0.0774,0.8079,-0.7305,0.0,31.6
2025-01-18 07:00:00,Panel_A,268.2,0.0938,2.0995,-2.0057,0.0,36.2
2025-01-18 07:00:00,Panel_B,268.2,0.0931,1.8832,-1.7901,0.0,23.9
2025-01-18 07:00:00,Panel_C,268.2,0.0989,2.3205,-2.2216,0.0,34.9
2025-01-18 08:00:00,Panel_A,412.5,0.1396,2.2998,-2.1602,0.0,30.0
2025-01-18 08:00:00,Panel_B,412.5,0.1497,2.3259,-2.1762,0.0,31.4
2025-01-18 08:00:00,Panel_C,412.5,0.1591,1.9141,-1.7551,0.0,37.2
2025-01-18 09:00:00,Panel_A,621.37,0.2351,1.7205,-1.4854,0.0,31.3
2025-01-18 09:00:00,Panel_B,621.37,0.2219,2.0716,-1.8497,0.0,23.3
2025-01-18 09:00:00,Panel_C,621.37,0.2368,2.2637,-2.0268,0.0,29.4
2025-01-18 10:00:00,Panel_A,648.79,0.237,0.5561,-0.319,0.0,28.0
2025-01-18 10:00:00,Panel_B,648.79,0.2214,0.6144,-0.393,0.0,23.3
2025-01-18 10:00:00,Panel_C,648.79,0.2442,0.5358,-0.2917,0.0,27.2
2025-01-18 11:00:00,Panel_A,705.25,0.2392,0.7679,-0.5287,0.0,35.1
2025-01-18 11:00:00,Panel_B,705.25,0.2571,0.6017,-0.3446,0.0,29.1
2025-01-18 11:00:00,Panel_C,705.25,0.2765,1.1146,-0.8382,0.0,30.0
2025-01-18 12:00:00,Panel_A,894.86,0.323,0.9519,-0.6289,0.0,20.8
2025-01-18 12:00:00,Panel_B,894.86,0.3065,1.1622,-0.8557,0.0,35.2
2025-01-18 12:00:00,Panel_C,894.86,0.3378,0.6189,-0.2811,0.0,22.3
2025-01-18 13:00:00,Panel_A,757.07,0.2728,0.6721,-0.3993,0.0,26.4
2025-01-18 13:00:00,Panel_B,757.07,0.2597,1.1927,-0.933,0.0,32.3
2025-01-18 13:00:00,Panel_C,757.07,0.2926,0.5537,-0.2612,0.0,20.1
2025-01-18 14:00:00,Panel_A,574.21,0.2125,0.7876,-0.5751,0.0,28.8
2025-01-18 14:00:00,Panel_B,574.21,0.2079,0.7908,-0.5829,0.0,20.4
2025-01-18 14:00:00,Panel_C,574.21,0.2131,0.5689,-0.3558,0.0,37.2
2025-01-18 15:00:00,Panel_A,528.29,0.1978,0.7208,-0.5229,0.0,27.1
2025-01-18 15:00:00,Panel_B,528.29,0.1882,0.6658,-0.4776,0.0,21.7
2025-01-18 15:00:00,Panel_C,528.29,0.2032,0.9743,-0.771,0.0,29.8
2025-01-18 16:00:00,Panel_A,389.59,0.1443,0.5509,-0.4066,0.0,25.1
2025-01-18 16:00:00,Panel_B,389.59,0.1361,0.745,-0.6088,0.0,34.1
2025-01-18 16:00:00,Panel_C,389.59,0.1483,0.6573,-0.509,0.0,27.2
2025-01-18 17:00:00,Panel_A,290.92,0.1063,0.6266,-0.5203,0.0,34.4
2025-01-18 17:00:00,Panel_B,290.92,0.1015,0.7339,-0.6324,0.0,33.2
2025-01-18 17:00:00,Panel_C,290.92,0.1191,1.0828,-0.9637,0.0,34.5
2025-01-18 18:00:00,Panel_A,96.67,0.0308,2.6237,-2.5929,0.0,29.9
2025-01-18 18:00:00,Panel_B,96.67,0.036,2.6041,-2.5682,0.0,29.4
2025-01-18 18:00:00,Panel_C,96.67,0.0319,2.1995,-2.1676,0.0,22.9
2025-01-18 19:00:00,Panel_A,0.0,0.0081,3.4239,-3.4158,0.0,35.8
2025-01-18 19:00:00,Panel_B,0.0,0.0,3.0038,-3.0038,0.0,28.7
2025-01-18 19:00:00,Panel_C,0.0,0.0,2.6276,-2.6276,0.0,26.4
2025-01-18 20:00:00,Panel_A,0.0,0.0075,2.2422,-2.2347,0.0,28.5
2025-01-18 20:00:00,Panel_B,0.0,0.0093,2.8302,-2.8209,0.0,30.3
2025-01-18 20:00:00,Panel_C,0.0,0.0034,2.0378,-2.0344,0.0,26.4
2025-01-18 21:00:00,Panel_A,0.0,0.0,3.1703,-3.1703,0.0,30.2
2025-01-18 21:00:00,Panel_B,0.0,0.0044,2.8511,-2.8467,0.0,34.3
2025-01-18 21:00:00,Panel_C,0.0,0.0,3.1025,-3.1025,0.0,31.0
2025-01-18 22:00:00,Panel_A,0.0,0.0,2.392,-2.392,0.0,27.5
2025-01-18 22:00:00,Panel_B,0.0,0.0,2.8989,-2.8989,0.0,29.2
2025-01-18 22:00:00,Panel_C,0.0,0.0,3.1019,-3.1019,0.0,20.4
2025-01-18 23:00:00,Panel_A,0.0,0.0,0.9094,-0.9094,0.0,36.9
2025-01-18 23:00:00,Panel_B,0.0,0.0,0.564,-0.564,0.0,31.3
2025-01-18 23:00:00,Panel_C,0.0,0.0,0.8854,-0.8854,0.0,27.3
2025-01-19 00:00:00,Panel_A,0.0,0.0048,0.1393,-0.1345,0.0,20.4
2025-01-19 00:00:00,Panel_B,0.0,0.0003,0.2723,-0.2721,0.0,30.4
2025-01-19 00:00:00,Panel_C,0.0,0.0011,0.262,-0.2609,0.0,27.7
2025-01-19 01:00:00,Panel_A,0.0,0.0045,0.25,-0.2455,0.0,36.4
2025-01-19 01:00:00,Panel_B,0.0,0.0,0.1538,-0.1538,0.0,23.6
2025-01-19 01:00:00,Panel_C,0.0,0.0014,0.1494,-0.1479,0.0,25.5
2025-01-19 02:00:00,Panel_A,0.0,0.0106,0.1853,-0.1747,0.0,31.1
2025-01-19 02:00:00,Panel_B,0.0,0.0067,0.1163,-0.1097,0.0,21.6
2025-01-19 02:00:00,Panel_C,0.0,0.0004,0.1428,-0.1424,0.0,25.1
2025-01-19 03:00:00,Panel_A,0.0,0.0,0.1801,-0.1801,0.0,34.6
2025-01-19 03:00:00,Panel_B,0.0,0.0053,0.2866,-0.2812,0.0,20.4
2025-01-19 03:00:00,Panel_C,0.0,0.003,0.1308,-0.1277,0.0,36.0
2025-01-19 04:00:00,Panel_A,0.0,0.0115,0.2326,-0.2211,0.0,32.2
2025-01-19 04:00:00,Panel_B,0.0,0.0,0.2863,-0.2863,0.0,37.9
2025-01-19 04:00:00,Panel_C,0.0,0.0,0.276,-0.276,0.0,20.9
2025-01-19 05:00:00,Panel_A,0.0,0.005,0.1462,-0.1412,0.0,36.2
2025-01-19 05:00:00,Panel_B,0.0,0.0,0.1276,-0.1276,0.0,35.5
2025-01-19 05:00:00,Panel_C,0.0,0.0,0.2,-0.2,0.0,32.1
2025-01-19 06:00:00,Panel_A,223.16,0.0764,1.032,-0.9556,0.0,25.6
2025-01-19 06:00:00,Panel_B,223.16,0.0714,1.1836,-1.1122,0.0,31.6
2025-01-19 06:00:00,Panel_C,223.16,0.0827,1.1542,-1.0715,0.0,25.5
2025-01-19 07:00:00,Panel_A,323.0,0.12,2.1917,-2.0717,0.0,37.4
2025-01-19 07:00:00,Panel_B,323.0,0.1081,2.1717,-2.0636,0.0,33.1
2025-01-19 07:00:00,Panel_C,323.0,0.1213,2.0751,-1.9537,0.0,23.7
2025-01-19 08:00:00,Panel_A,317.45,0.1145,1.9275,-1.813,0.0,31.6
2025-01-19 08:00:00,Panel_B,317.45,0.1069,1.9053,-1.7984,0.0,24.8
2025-01-19 08:00:00,Panel_C,317.45,0.1245,1.6986,-1.5742,0.0,34.1
2025-01-19 09:00:00,Panel_A,542.26,0.1989,2.2513,-2.0523,0.0,36.1
2025-01-19 09:00:00,Panel_B,542.26,0.1881,2.4563,-2.2682,0.0,26.8
2025-01-19 09:00:00,Panel_C,542.26,0.2079,1.8392,-1.6313,0.0,21.1
2025-01-19 10:00:00,Panel_A,629.99,0.2266,0.674,-0.4474,0.0,25.7
2025-01-19 10:00:00,Panel_B,629.99,0.2218,0.7117,-0.4899,0.0,35.5
2025-01-19 10:00:00,Panel_C,629.99,0.2405,1.1001,-0.8596,0.0,33.8
2025-01-19 11:00:00,Panel_A,790.24,0.2804,1.1615,-0.8812,0.0,32.3
2025-01-19 11:00:00,Panel_B,790.24,0.2766,0.952,-0.6754,0.0,29.2
2025-01-19 11:00:00,Panel_C,790.24,0.2899,0.584,-0.2941,0.0,25.6
2025-01-19 12:00:00,Panel_A,818.67,0.2963,0.5961,-0.2998,0.0,37.1
2025-01-19 12:00:00,Panel_B,818.67,0.2925,1.0263,-0.7338,0.0,34.6
2025-01-19 12:00:00,Panel_C,818.67,0.3048,1.162,-0.8572,0.0,25.6
2025-01-19 13:00:00,Panel_A,819.48,0.2994,0.9744,-0.675,0.0,24.5
2025-01-19 13:00:00,Panel_B,819.48,0.2865,0.5375,-0.2511,0.0,32.9
2025-01-19 13:00:00,Panel_C,819.48,0.3118,0.8328,-0.5211,0.0,35.3
2025-01-19 14:00:00,Panel_A,623.52,0.2225,1.0855,-0.863,0.0,29.9
2025-01-19 14:00:00,Panel_B,623.52,0.2212,0.8578,-0.6365,0.0,30.9
2025-01-19 14:00:00,Panel_C,623.52,0.2327,0.8226,-0.5899,0.0,34.9
2025-01-19 15:00:00,Panel_A,580.72,0.2133,0.5738,-0.3605,0.0,35.1
2025-01-19 15:00:00,Panel_B,580.72,0.2093,0.7541,-0.5447,0.0,35.8
2025-01-19 15:00:00,Panel_C,580.72,0.226,1.0078,-0.7818,0.0,22.0
2025-01-19 16:00:00,Panel_A,463.02,0.1656,0.533,-0.3675,0.0,37.3
2025-01-19 16:00:00,Panel_B,463.02,0.1674,0.6894,-0.522,0.0,24.5
2025-01-19 16:00:00,Panel_C,463.02,0.1832,1.1594,-0.9762,0.0,25.4
2025-01-19 17:00:00,Panel_A,262.13,0.1011,0.5975,-0.4964,0.0,20.2
2025-01-19 17:00:00,Panel_B,262.13,0.0939,0.7584,-0.6645,0.0,26.4
2025-01-19 17:00:00,Panel_C,262.13,0.0998,0.7409,-0.6411,0.0,29.4
2025-01-19 18:00:00,Panel_A,234.68,0.0837,2.7583,-2.6746,0.0,29.1
2025-01-19 18:00:00,Panel_B,234.68,0.0812,2.9947,-2.9135,0.0,30.7
2025-01-19 18:00:00,Panel_C,234.68,0.0886,2.6227,-2.5341,0.0,27.6
2025-01-19 19:00:00,Panel_A,0.0,0.0,3.2304,-3.2304,0.0,31.7
2025-01-19 19:00:00,Panel_B,0.0,0.0029,2.6285,-2.6255,0.0,28.2
2025-01-19 19:00:00,Panel_C,0.0,0.0043,2.7693,-2.765,0.0,25.8
2025-01-19 20:00:00,Panel_A,0.0,0.0,2.8941,-2.8941,0.0,37.9
2025-01-19 20:00:00,Panel_B,0.0,0.004,2.5175,-2.5136,0.0,21.0
2025-01-19 20:00:00,Panel_C,0.0,0.0,2.3064,-2.3064,0.0,27.5
2025-01-19 21:00:00,Panel_A,0.0,0.0,2.1805,-2.1805,0.0,21.2
2025-01-19 21:00:00,Panel_B,0.0,0.0026,3.086,-3.0834,0.0,36.7
2025-01-19 21:00:00,Panel_C,0.0,0.0,2.7686,-2.7686,0.0,26.3
2025-01-19 22:00:00,Panel_A,0.0,0.0,2.5622,-2.5622,0.0,31.2
2025-01-19 22:00:00,Panel_B,0.0,0.0,2.0534,-2.0534,0.0,37.9
2025-01-19 22:00:00,Panel_C,0.0,0.0016,2.3491,-2.3474,0.0,21.0
2025-01-19 23:00:00,Panel_A,0.0,0.0063,0.7389,-0.7326,0.0,28.0
2025-01-19 23:00:00,Panel_B,0.0,0.0,0.9729,-0.9729,0.0,29.2
2025-01-19 23:00:00,Panel_C,0.0,0.0014,0.8383,-0.8369,0.0,37.8
2025-01-20 00:00:00,Panel_A,0.0,0.0,0.2509,-0.2509,0.0,24.5
2025-01-20 00:00:00,Panel_B,0.0,0.0011,0.2715,-0.2704,0.0,21.8
2025-01-20 00:00:00,Panel_C,0.0,0.0001,0.2413,-0.2412,0.0,26.2
2025-01-20 01:00:00,Panel_A,0.0,0.0033,0.1675,-0.1641,0.0,34.9
2025-01-20 01:00:00,Panel_B,0.0,0.0,0.1001,-0.1001,0.0,25.5
2025-01-20 01:00:00,Panel_C,0.0,0.0,0.1136,-0.1136,0.0,23.4
2025-01-20 02:00:00,Panel_A,0.0,0.0,0.2111,-0.2111,0.0,25.2
2025-01-20 02:00:00,Panel_B,0.0,0.0,0.2752,-0.2752,0.0,36.3
2025-01-20 02:00:00,Panel_C,0.0,0.0,0.1986,-0.1986,0.0,25.9
2025-01-20 03:00:00,Panel_A,0.0,0.0,0.1596,-0.1596,0.0,25.8
2025-01-20 03:00:00,Panel_B,0.0,0.0,0.1329,-0.1329,0.0,34.1
2025-01-20 03:00:00,Panel_C,0.0,0.0016,0.1248,-0.1232,0.0,21.3
2025-01-20 04:00:00,Panel_A,0.0,0.0,0.2819,-0.2819,0.0,23.4
2025-01-20 04:00:00,Panel_B,0.0,0.0009,0.1156,-0.1147,0.0,37.2
2025-01-20 04:00:00,Panel_C,0.0,0.0065,0.1494,-0.1429,0.0,35.5
2025-01-20 05:00:00,Panel_A,0.0,0.0013,0.1026,-0.1014,0.0,29.2
2025-01-20 05:00:00,Panel_B,0.0,0.0,0.2539,-0.2539,0.0,36.8
2025-01-20 05:00:00,Panel_C,0.0,0.0,0.1568,-0.1568,0.0,25.2
2025-01-20 06:00:00,Panel_A,194.66,0.0631,0.8812,-0.8181,0.0,22.9
2025-01-20 06:00:00,Panel_B,194.66,0.0601,0.9839,-0.9237,0.0,23.0
2025-01-20 06:00:00,Panel_C,194.66,0.0741,1.0575,-0.9834,0.0,33.3
2025-01-20 07:00:00,Panel_A,189.93,0.0634,2.047,-1.9836,0.0,21.6
2025-01-20 07:00:00,Panel_B,189.93,0.0686,1.8774,-1.8088,0.0,27.4
2025-01-20 07:00:00,Panel_C,189.93,0.0703,1.6791,-1.6088,0.0,27.1
2025-01-20 08:00:00,Panel_A,410.17,0.1457,2.4813,-2.3356,0.0,26.9
2025-01-20 08:00:00,Panel_B,410.17,0.1449,2.2752,-2.1303,0.0,26.2
2025-01-20 08:00:00,Panel_C,410.17,0.15,1.646,-1.496,0.0,36.9
2025-01-20 09:00:00,Panel_A,578.43,0.2141,1.569,-1.3549,0.0,26.0
2025-01-20 09:00:00,Panel_B,578.43,0.2049,1.8137,-1.6088,0.0,31.4
2025-01-20 09:00:00,Panel_C,578.43,0.215,2.0965,-1.8815,0.0,34.7
2025-01-20 10:00:00,Panel_A,659.61,0.2326,0.6377,-0.4051,0.0,24.3
2025-01-20 10:00:00,Panel_B,659.61,0.2293,0.7099,-0.4806,0.0,31.6
2025-01-20 10:00:00,Panel_C,659.61,0.2587,0.7538,-0.4951,0.0,34.8
2025-01-20 11:00:00,Panel_A,809.42,0.2906,1.0607,-0.77,0.0,23.2
2025-01-20 11:00:00,Panel_B,809.42,0.2761,0.5769,-0.3008,0.0,35.9
2025-01-20 11:00:00,Panel_C,809.42,0.3141,0.5177,-0.2037,0.0,32.4
2025-01-20 12:00:00,Panel_A,744.64,0.2662,0.9269,-0.6606,0.0,24.3
2025-01-20 12:00:00,Panel_B,744.64,0.2599,0.7708,-0.5109,0.0,21.5
2025-01-20 12:00:00,Panel_C,744.64,0.2807,0.5628,-0.2821,0.0,36.4
2025-01-20 13:00:00,Panel_A,728.54,0.2622,0.5863,-0.324,0.0,25.5
2025-01-20 13:00:00,Panel_B,728.54,0.2539,1.1482,-0.8943,0.0,22.9
2025-01-20 13:00:00,Panel_C,728.54,0.2784,1.1191,-0.8407,0.0,30.0
2025-01-20 14:00:00,Panel_A,762.17,0.2674,0.6164,-0.3489,0.0,36.5
2025-01-20 14:00:00,Panel_B,762.17,0.2675,0.7295,-0.4619,0.0,26.7
2025-01-20 14:00:00,Panel_C,762.17,0.2859,1.1664,-0.8805,0.0,33.3
2025-01-20 15:00:00,Panel_A,613.65,0.2257,0.5347,-0.3091,0.0,24.6
2025-01-20 15:00:00,Panel_B,613.65,0.216,0.8255,-0.6095,0.0,24.1
2025-01-20 15:00:00,Panel_C,613.65,0.2347,0.7966,-0.5619,0.0,26.2
2025-01-20 16:00:00,Panel_A,425.14,0.1527,0.8423,-0.6896,0.0,26.3
2025-01-20 16:00:00,Panel_B,425.14,0.1515,1.1367,-0.9852,0.0,30.2
2025-01-20 16:00:00,Panel_C,425.14,0.165,0.7393,-0.5743,0.0,27.8
2025-01-20 17:00:00,Panel_A,317.49,0.1123,1.0558,-0.9434,0.0,36.9
2025-01-20 17:00:00,Panel_B,317.49,0.1161,0.9362,-0.8201,0.0,33.3
2025-01-20 17:00:00,Panel_C,317.49,0.1228,0.7765,-0.6537,0.0,20.9
2025-01-20 18:00:00,Panel_A,203.04,0.0814,2.6755,-2.5941,0.0,33.5
2025-01-20 18:00:00,Panel_B,203.04,0.0663,2.5355,-2.4691,0.0,31.4
2025-01-20 18:00:00,Panel_C,203.04,0.0801,2.8185,-2.7385,0.0,23.7
2025-01-20 19:00:00,Panel_A,0.0,0.0,2.4379,-2.4379,0.0,33.5
2025-01-20 19:00:00,Panel_B,0.0,0.0,3.4509,-3.4509,0.0,32.9
2025-01-20 19:00:00,Panel_C,0.0,0.0,3.4357,-3.4357,0.0,27.7
2025-01-20 20:00:00,Panel_A,0.0,0.0047,2.7876,-2.7828,0.0,32.7
2025-01-20 20:00:00,Panel_B,0.0,0.0,2.3783,-2.3783,0.0,28.0
2025-01-20 20:00:00,Panel_C,0.0,0.0,2.0014,-2.0014,0.0,20.7
2025-01-20 21:00:00,Panel_A,0.0,0.0,3.4659,-3.4659,0.0,24.4
2025-01-20 21:00:00,Panel_B,0.0,0.0048,2.826,-2.8212,0.0,22.8
2025-01-20 21:00:00,Panel_C,0.0,0.0023,3.0922,-3.0899,0.0,30.8
2025-01-20 22:00:00,Panel_A,0.0,0.0044,3.4631,-3.4587,0.0,30.3
2025-01-20 22:00:00,Panel_B,0.0,0.0038,2.5125,-2.5087,0.0,31.7
2025-01-20 22:00:00,Panel_C,0.0,0.0,3.2236,-3.2236,0.0,30.8
2025-01-20 23:00:00,Panel_A,0.0,0.0,0.7755,-0.7755,0.0,28.5
2025-01-20 23:00:00,Panel_B,0.0,0.0,1.1088,-1.1088,0.0,21.6
2025-01-20 23:00:00,Panel_C,0.0,0.0046,1.0438,-1.0392,0.0,35.3
2025-01-21 00:00:00,Panel_A,0.0,0.0,0.1331,-0.1331,0.0,32.7
2025-01-21 00:00:00,Panel_B,0.0,0.0,0.2071,-0.2071,0.0,31.4
2025-01-21 00:00:00,Panel_C,0.0,0.0,0.1083,-0.1083,0.0,25.8
2025-01-21 01:00:00,Panel_A,0.0,0.0,0.2119,-0.2119,0.0,35.4
2025-01-21 01:00:00,Panel_B,0.0,0.0,0.2906,-0.2906,0.0,32.9
2025-01-21 01:00:00,Panel_C,0.0,0.0095,0.286,-0.2766,0.0,29.5
2025-01-21 02:00:00,Panel_A,0.0,0.0,0.1606,-0.1606,0.0,29.6
2025-01-21 02:00:00,Panel_B,0.0,0.0018,0.2129,-0.2111,0.0,30.8
2025-01-21 02:00:00,Panel_C,0.0,0.0,0.2234,-0.2234,0.0,37.5
2025-01-21 03:00:00,Panel_A,0.0,0.0,0.2455,-0.2455,0.0,36.6
2025-01-21 03:00:00,Panel_B,0.0,0.0025,0.1384,-0.1359,0.0,32.0
2025-01-21 03:00:00,Panel_C,0.0,0.0072,0.2247,-0.2174,0.0,30.8
2025-01-21 04:00:00,Panel_A,0.0,0.0158,0.1669,-0.1511,0.0,29.3
2025-01-21 04:00:00,Panel_B,0.0,0.0,0.1395,-0.1395,0.0,34.5
2025-01-21 04:00:00,Panel_C,0.0,0.0096,0.1875,-0.1779,0.0,25.0
2025-01-21 05:00:00,Panel_A,0.0,0.0,0.2116,-0.2116,0.0,26.2
2025-01-21 05:00:00,Panel_B,0.0,0.0,0.2474,-0.2474,0.0,20.7
2025-01-21 05:00:00,Panel_C,0.0,0.0001,0.195,-0.1948,0.0,26.1
2025-01-21 06:00:00,Panel_A,266.22,0.0976,0.8395,-0.7419,0.0,21.5
2025-01-21 06:00:00,Panel_B,266.22,0.0933,0.9299,-0.8367,0.0,24.3
2025-01-21 06:00:00,Panel_C,266.22,0.1035,0.8384,-0.7349,0.0,27.7
2025-01-21 07:00:00,Panel_A,263.94,0.0982,1.695,-1.5968,0.0,29.1
2025-01-21 07:00:00,Panel_B,263.94,0.0875,1.5365,-1.449,0.0,20.9
2025-01-21 07:00:00,Panel_C,263.94,0.1013,2.3342,-2.2329,0.0,22.1
2025-01-21 08:00:00,Panel_A,412.41,0.1456,2.344,-2.1984,0.0,24.7
2025-01-21 08:00:00,Panel_B,412.41,0.1418,1.9491,-1.8073,0.0,30.4
2025-01-21 08:00:00,Panel_C,412.41,0.1563,2.0709,-1.9146,0.0,26.0
2025-01-21 09:00:00,Panel_A,520.12,0.1857,1.8668,-1.6811,0.0,21.8
2025-01-21 09:00:00,Panel_B,520.12,0.19,1.7852,-1.5952,0.0,31.4
2025-01-21 09:00:00,Panel_C,520.12,0.2017,1.9556,-1.754,0.0,28.7
2025-01-21 10:00:00,Panel_A,639.02,0.2348,0.7226,-0.4878,0.0,36.6
2025-01-21 10:00:00,Panel_B,639.02,0.2235,1.139,-0.9154,0.0,31.0
2025-01-21 10:00:00,Panel_C,639.02,0.2394,0.8825,-0.6431,0.0,24.5
2025-01-21 11:00:00,Panel_A,814.63,0.2912,0.8915,-0.6003,0.0,29.3
2025-01-21 11:00:00,Panel_B,814.63,0.2846,0.9222,-0.6377,0.0,21.4
2025-01-21 11:00:00,Panel_C,814.63,0.3115,0.9782,-0.6667,0.0,36.8
2025-01-21 12:00:00,Panel_A,749.02,0.2707,0.9072,-0.6365,0.0,33.8
2025-01-21 12:00:00,Panel_B,749.02,0.267,0.9541,-0.6871,0.0,36.2
2025-01-21 12:00:00,Panel_C,749.02,0.2834,0.9365,-0.653,0.0,22.4
2025-01-21 13:00:00,Panel_A,718.42,0.2555,1.1362,-0.8807,0.0,33.7
2025-01-21 13:00:00,Panel_B,718.42,0.2455,0.6288,-0.3833,0.0,33.6
2025-01-21 13:00:00,Panel_C,718.42,0.2783,0.8319,-0.5536,0.0,24.1
2025-01-21 14:00:00,Panel_A,657.2,0.2372,0.7283,-0.4912,0.0,28.4
2025-01-21 14:00:00,Panel_B,657.2,0.2281,0.6425,-0.4144,0.0,33.8
2025-01-21 14:00:00,Panel_C,657.2,0.2482,0.7979,-0.5496,0.0,30.2
2025-01-21 15:00:00,Panel_A,619.61,0.2219,1.1197,-0.8977,0.0,21.6
2025-01-21 15:00:00,Panel_B,619.61,0.2212,0.7716,-0.5504,0.0,34.9
2025-01-21 15:00:00,Panel_C,619.61,0.2359,0.5936,-0.3577,0.0,36.8
2025-01-21 16:00:00,Panel_A,361.43,0.1372,1.1567,-1.0195,0.0,25.0
2025-01-21 16:00:00,Panel_B,361.43,0.1327,1.0357,-0.903,0.0,36.7
2025-01-21 16:00:00,Panel_C,361.43,0.1322,0.6434,-0.5112,0.0,34.4
2025-01-21 17:00:00,Panel_A,281.75,0.1018,0.7711,-0.6693,0.0,25.1
2025-01-21 17:00:00,Panel_B,281.75,0.1054,1.1836,-1.0783,0.0,26.8
2025-01-21 17:00:00,Panel_C,281.75,0.1115,1.0613,-0.9498,0.0,27.8
2025-01-21 18:00:00,Panel_A,174.04,0.0638,3.4215,-3.3577,0.0,23.9
2025-01-21 18:00:00,Panel_B,174.04,0.0666,2.5906,-2.524,0.0,30.9
2025-01-21 18:00:00,Panel_C,174.04,0.0622,2.6669,-2.6046,0.0,33.4
2025-01-21 19:00:00,Panel_A,0.0,0.0,2.252,-2.252,0.0,26.4
2025-01-21 19:00:00,Panel_B,0.0,0.0,2.6,-2.6,0.0,21.0
2025-01-21 19:00:00,Panel_C,0.0,0.0048,2.2276,-2.2228,0.0,30.8
2025-01-21 20:00:00,Panel_A,0.0,0.001,2.9971,-2.9961,0.0,27.5
2025-01-21 20:00:00,Panel_B,0.0,0.0,2.757,-2.757,0.0,20.1
2025-01-21 20:00:00,Panel_C,0.0,0.0083,3.0376,-3.0293,0.0,31.9
2025-01-21 21:00:00,Panel_A,0.0,0.0,3.4685,-3.4685,0.0,27.6
2025-01-21 21:00:00,Panel_B,0.0,0.0,2.7529,-2.7529,0.0,36.4
2025-01-21 21:00:00,Panel_C,0.0,0.0031,3.1967,-3.1936,0.0,35.6
2025-01-21 22:00:00,Panel_A,0.0,0.0082,2.6853,-2.6771,0.0,28.6
2025-01-21 22:00:00,Panel_B,0.0,0.0019,3.0457,-3.0438,0.0,21.5
2025-01-21 22:00:00,Panel_C,0.0,0.0,3.2944,-3.2944,0.0,28.7
2025-01-21 23:00:00,Panel_A,0.0,0.0004,0.792,-0.7916,0.0,35.8
2025-01-21 23:00:00,Panel_B,0.0,0.0,0.6428,-0.6428,0.0,34.9
2025-01-21 23:00:00,Panel_C,0.0,0.0,1.1803,-1.1803,0.0,29.2
2025-01-22 00:00:00,Panel_A,0.0,0.0004,0.1582,-0.1578,0.0,28.4
2025-01-22 00:00:00,Panel_B,0.0,0.0,0.1385,-0.1385,0.0,22.3
2025-01-22 00:00:00,Panel_C,0.0,0.004,0.1596,-0.1556,0.0,34.0
2025-01-22 01:00:00,Panel_A,0.0,0.0,0.1332,-0.1332,0.0,26.0
2025-01-22 01:00:00,Panel_B,0.0,0.0,0.288,-0.288,0.0,26.2
2025-01-22 01:00:00,Panel_C,0.0,0.0,0.1358,-0.1358,0.0,36.0
2025-01-22 02:00:00,Panel_A,0.0,0.0015,0.1921,-0.1905,0.0,32.8
2025-01-22 02:00:00,Panel_B,0.0,0.0014,0.1564,-0.155,0.0,23.3
2025-01-22 02:00:00,Panel_C,0.0,0.0,0.1079,-0.1079,0.0,20.4
2025-01-22 03:00:00,Panel_A,0.0,0.0,0.1935,-0.1935,0.0,30.9
2025-01-22 03:00:00,Panel_B,0.0,0.0018,0.1857,-0.1839,0.0,20.5
2025-01-22 03:00:00,Panel_C,0.0,0.002,0.1866,-0.1846,0.0,29.6
2025-01-22 04:00:00,Panel_A,0.0,0.0013,0.1954,-0.1941,0.0,27.0
2025-01-22 04:00:00,Panel_B,0.0,0.0055,0.2854,-0.2799,0.0,37.3
2025-01-22 04:00:00,Panel_C,0.0,0.0,0.2018,-0.2018,0.0,28.2
2025-01-22 05:00:00,Panel_A,0.0,0.0012,0.1565,-0.1553,0.0,25.0
2025-01-22 05:00:00,Panel_B,0.0,0.0,0.181,-0.181,0.0,38.0
2025-01-22 05:00:00,Panel_C,0.0,0.0006,0.1165,-0.116,0.0,22.8
2025-01-22 06:00:00,Panel_A,152.74,0.0575,0.6812,-0.6237,0.0,25.7
2025-01-22 06:00:00,Panel_B,152.74,0.0392,0.5609,-0.5217,0.0,25.5
2025-01-22 06:00:00,Panel_C,152.74,0.062,1.1367,-1.0747,0.0,20.1
2025-01-22 07:00:00,Panel_A,195.39,0.0706,1.5142,-1.4436,0.0,24.6
2025-01-22 07:00:00,Panel_B,195.39,0.0712,1.9499,-1.8788,0.0,32.5
2025-01-22 07:00:00,Panel_C,195.39,0.0759,2.0333,-1.9575,0.0,27.3
2025-01-22 08:00:00,Panel_A,326.17,0.1174,2.1032,-1.9859,0.0,24.1
2025-01-22 08:00:00,Panel_B,326.17,0.1201,2.0438,-1.9237,0.0,32.5
2025-01-22 08:00:00,Panel_C,326.17,0.1253,2.1113,-1.986,0.0,26.7
2025-01-22 09:00:00,Panel_A,554.48,0.1966,1.8845,-1.688,0.0,26.2
2025-01-22 09:00:00,Panel_B,554.48,0.1966,1.9318,-1.7352,0.0,34.1
2025-01-22 09:00:00,Panel_C,554.48,0.218,2.0765,-1.8585,0.0,26.2
2025-01-22 10:00:00,Panel_A,675.58,0.2403,0.6571,-0.4168,0.0,29.1
2025-01-22 10:00:00,Panel_B,675.58,0.2399,0.6826,-0.4426,0.0,20.2
2025-01-22 10:00:00,Panel_C,675.58,0.2575,0.8119,-0.5543,0.0,37.4
2025-01-22 11:00:00,Panel_A,877.82,0.3214,0.5976,-0.2762,0.0,30.2
2025-01-22 11:00:00,Panel_B,877.82,0.3083,1.1076,-0.7993,0.0,30.5
2025-01-22 11:00:00,Panel_C,877.82,0.3294,0.5647,-0.2353,0.0,28.2
2025-01-22 12:00:00,Panel_A,871.22,0.3186,0.6708,-0.3522,0.0,37.4
2025-01-22 12:00:00,Panel_B,871.22,0.3035,1.1707,-0.8672,0.0,24.5
2025-01-22 12:00:00,Panel_C,871.22,0.3349,1.1766,-0.8418,0.0,28.0
2025-01-22 13:00:00,Panel_A,753.42,0.2727,0.9814,-0.7088,0.0,24.9
2025-01-22 13:00:00,Panel_B,753.42,0.2537,1.0155,-0.7618,0.0,20.9
2025-01-22 13:00:00,Panel_C,753.42,0.2856,0.7474,-0.4618,0.0,25.7
2025-01-22 14:00:00,Panel_A,653.31,0.2251,0.6346,-0.4095,0.0,25.6
2025-01-22 14:00:00,Panel_B,653.31,0.2282,1.1824,-0.9543,0.0,27.4
2025-01-22 14:00:00,Panel_C,653.31,0.2587,1.1883,-0.9296,0.0,24.3
2025-01-22 15:00:00,Panel_A,478.46,0.178,0.9251,-0.7471,0.0,21.6
2025-01-22 15:00:00,Panel_B,478.46,0.1723,0.9738,-0.8015,0.0,21.2
2025-01-22 15:00:00,Panel_C,478.46,0.1894,0.6477,-0.4583,0.0,35.1
2025-01-22 16:00:00,Panel_A,446.64,0.1534,0.5936,-0.4403,0.0,37.2
2025-01-22 16:00:00,Panel_B,446.64,0.1553,0.5509,-0.3956,0.0,23.6
2025-01-22 16:00:00,Panel_C,446.64,0.1758,0.8814,-0.7056,0.0,22.3
2025-01-22 17:00:00,Panel_A,212.0,0.0714,0.6495,-0.5781,0.0,27.4
2025-01-22 17:00:00,Panel_B,212.0,0.0702,0.9928,-0.9226,0.0,23.9
2025-01-22 17:00:00,Panel_C,212.0,0.074,1.1835,-1.1095,0.0,37.2
2025-01-22 18:00:00,Panel_A,104.16,0.0343,2.1021,-2.0677,0.0,25.7
2025-01-22 18:00:00,Panel_B,104.16,0.0401,2.4002,-2.3601,0.0,29.1
2025-01-22 18:00:00,Panel_C,104.16,0.0421,3.2673,-3.2252,0.0,26.5
2025-01-22 19:00:00,Panel_A,0.0,0.0019,3.0309,-3.0289,0.0,25.6
2025-01-22 19:00:00,Panel_B,0.0,0.0008,2.0147,-2.014,0.0,27.4
2025-01-22 19:00:00,Panel_C,0.0,0.0,2.4941,-2.4941,0.0,32.5
2025-01-22 20:00:00,Panel_A,0.0,0.0,3.2174,-3.2174,0.0,25.3
2025-01-22 20:00:00,Panel_B,0.0,0.0052,2.6695,-2.6643,0.0,33.1
2025-01-22 20:00:00,Panel_C,0.0,0.0034,2.9145,-2.9111,0.0,36.5
2025-01-22 21:00:00,Panel_A,0.0,0.0,2.2345,-2.2345,0.0,33.5
2025-01-22 21:00:00,Panel_B,0.0,0.0,2.7117,-2.7117,0.0,26.0
2025-01-22 21:00:00,Panel_C,0.0,0.0025,2.869,-2.8665,0.0,36.0
2025-01-22 22:00:00,Panel_A,0.0,0.0097,2.7781,-2.7684,0.0,20.9
2025-01-22 22:00:00,Panel_B,0.0,0.0051,2.3493,-2.3442,0.0,28.9
2025-01-22 22:00:00,Panel_C,0.0,0.0,2.7562,-2.7562,0.0,25.8
2025-01-22 23:00:00,Panel_A,0.0,0.0,0.6807,-0.6807,0.0,28.4
2025-01-22 23:00:00,Panel_B,0.0,0.002,0.5743,-0.5723,0.0,34.0
2025-01-22 23:00:00,Panel_C,0.0,0.0036,1.0656,-1.062,0.0,33.8
2025-01-23 00:00:00,Panel_A,0.0,0.0015,0.2669,-0.2653,0.0,30.4
2025-01-23 00:00:00,Panel_B,0.0,0.0,0.2293,-0.2293,0.0,28.3
2025-01-23 00:00:00,Panel_C,0.0,0.0,0.2278,-0.2278,0.0,21.5
2025-01-23 01:00:00,Panel_A,0.0,0.0002,0.187,-0.1868,0.0,25.3
2025-01-23 01:00:00,Panel_B,0.0,0.0,0.2383,-0.2383,0.0,34.3
2025-01-23 01:00:00,Panel_C,0.0,0.0007,0.1327,-0.132,0.0,21.9
2025-01-23 02:00:00,Panel_A,0.0,0.0,0.1213,-0.1213,0.0,31.7
2025-01-23 02:00:00,Panel_B,0.0,0.0102,0.2736,-0.2634,0.0,34.9
2025-01-23 02:00:00,Panel_C,0.0,0.0,0.1225,-0.1225,0.0,20.9
2025-01-23 03:00:00,Panel_A,0.0,0.001,0.1515,-0.1505,0.0,22.4
2025-01-23 03:00:00,Panel_B,0.0,0.0,0.2886,-0.2886,0.0,31.0
2025-01-23 03:00:00,Panel_C,0.0,0.0,0.267,-0.267,0.0,32.8
2025-01-23 04:00:00,Panel_A,0.0,0.0016,0.155,-0.1534,0.0,31.5
2025-01-23 04:00:00,Panel_B,0.0,0.0,0.1682,-0.1682,0.0,38.0
2025-01-23 04:00:00,Panel_C,0.0,0.0,0.2861,-0.2861,0.0,20.4
2025-01-23 05:00:00,Panel_A,0.0,0.0,0.2393,-0.2393,0.0,33.1
2025-01-23 05:00:00,Panel_B,0.0,0.0024,0.2295,-0.227,0.0,22.3
2025-01-23 05:00:00,Panel_C,0.0,0.0054,0.23,-0.2247,0.0,37.7
2025-01-23 06:00:00,Panel_A,177.79,0.0682,0.528,-0.4597,0.0,26.5
2025-01-23 06:00:00,Panel_B,177.79,0.0649,0.8215,-0.7566,0.0,21.0
2025-01-23 06:00:00,Panel_C,177.79,0.0719,0.7988,-0.7269,0.0,28.4
2025-01-23 07:00:00,Panel_A,298.38,0.1105,1.8117,-1.7012,0.0,29.5
2025-01-23 07:00:00,Panel_B,298.38,0.1027,1.8553,-1.7526,0.0,32.3
2025-01-23 07:00:00,Panel_C,298.38,0.1023,2.1622,-2.0599,0.0,32.9
2025-01-23 08:00:00,Panel_A,371.33,0.128,1.6253,-1.4972,0.0,31.8
2025-01-23 08:00:00,Panel_B,371.33,0.1305,2.3697,-2.2392,0.0,36.0
2025-01-23 08:00:00,Panel_C,371.33,0.1387,1.949,-1.8103,0.0,28.3
2025-01-23 09:00:00,Panel_A,565.39,0.2007,2.3213,-2.1205,0.0,24.4
2025-01-23 09:00:00,Panel_B,565.39,0.2038,2.3771,-2.1734,0.0,24.4
2025-01-23 09:00:00,Panel_C,565.39,0.2135,2.0506,-1.8371,0.0,23.5
2025-01-23 10:00:00,Panel_A,707.09,0.258,0.5341,-0.2762,0.0,35.2
2025-01-23 10:00:00,Panel_B,707.09,0.2378,0.8825,-0.6447,0.0,21.6
2025-01-23 10:00:00,Panel_C,707.09,0.2649,1.0297,-0.7648,0.0,30.5
2025-01-23 11:00:00,Panel_A,743.26,0.2651,0.629,-0.3639,0.0,21.0
2025-01-23 11:00:00,Panel_B,743.26,0.2659,0.5122,-0.2464,0.0,20.9
2025-01-23 11:00:00,Panel_C,743.26,0.2839,0.9009,-0.617,0.0,34.8
2025-01-23 12:00:00,Panel_A,742.14,0.2605,0.9174,-0.6569,0.0,24.9
2025-01-23 12:00:00,Panel_B,742.14,0.2657,1.0192,-0.7535,0.0,32.2
2025-01-23 12:00:00,Panel_C,742.14,0.2913,0.6441,-0.3529,0.0,26.3
2025-01-23 13:00:00,Panel_A,810.51,0.2939,1.1739,-0.88,0.0,31.3
2025-01-23 13:00:00,Panel_B,810.51,0.2853,0.9328,-0.6475,0.0,34.1
2025-01-23 13:00:00,Panel_C,810.51,0.3144,0.9923,-0.6779,0.0,35.0
2025-01-23 14:00:00,Panel_A,656.43,0.2401,0.9483,-0.7082,0.0,25.7
2025-01-23 14:00:00,Panel_B,656.43,0.2238,0.9986,-0.7748,0.0,23.2
2025-01-23 14:00:00,Panel_C,656.43,0.2509,0.6648,-0.4139,0.0,28.9
2025-01-23 15:00:00,Panel_A,575.09,0.2041,0.8504,-0.6463,0.0,36.4
2025-01-23 15:00:00,Panel_B,575.09,0.2033,0.663,-0.4598,0.0,22.8
2025-01-23 15:00:00,Panel_C,575.09,0.2137,0.9784,-0.7647,0.0,30.7
2025-01-23 16:00:00,Panel_A,376.1,0.1408,0.8136,-0.6728,0.0,27.3
2025-01-23 16:00:00,Panel_B,376.1,0.1268,0.8952,-0.7684,0.0,24.5
2025-01-23 16:00:00,Panel_C,376.1,0.1362,1.1407,-1.0045,0.0,24.8
2025-01-23 17:00:00,Panel_A,322.88,0.1176,0.6181,-0.5006,0.0,37.4
2025-01-23 17:00:00,Panel_B,322.88,0.1163,0.9738,-0.8575,0.0,25.4
2025-01-23 17:00:00,Panel_C,322.88,0.1223,0.6318,-0.5095,0.0,25.5
2025-01-23 18:00:00,Panel_A,175.16,0.0585,3.1934,-3.1349,0.0,22.5
2025-01-23 18:00:00,Panel_B,175.16,0.063,2.2958,-2.2327,0.0,21.8
2025-01-23 18:00:00,Panel_C,175.16,0.0621,2.2503,-2.1882,0.0,36.6
2025-01-23 19:00:00,Panel_A,0.0,0.0,2.9837,-2.9837,0.0,29.7
2025-01-23 19:00:00,Panel_B,0.0,0.0054,3.0157,-3.0103,0.0,32.3
2025-01-23 19:00:00,Panel_C,0.0,0.0,2.0585,-2.0585,0.0,28.2
2025-01-23 20:00:00,Panel_A,0.0,0.0038,3.3365,-3.3326,0.0,30.3
2025-01-23 20:00:00,Panel_B,0.0,0.0025,3.0114,-3.0089,0.0,37.6
2025-01-23 20:00:00,Panel_C,0.0,0.0,3.4784,-3.4784,0.0,32.4
2025-01-23 21:00:00,Panel_A,0.0,0.0037,2.1605,-2.1568,0.0,34.1
2025-01-23 21:00:00,Panel_B,0.0,0.0,3.3653,-3.3653,0.0,26.9
2025-01-23 21:00:00,Panel_C,0.0,0.0,2.6566,-2.6566,0.0,25.6
2025-01-23 22:00:00,Panel_A,0.0,0.0097,3.1432,-3.1335,0.0,36.9
2025-01-23 22:00:00,Panel_B,0.0,0.0019,2.3793,-2.3774,0.0,21.2
2025-01-23 22:00:00,Panel_C,0.0,0.0029,2.402,-2.3991,0.0,36.4
2025-01-23 23:00:00,Panel_A,0.0,0.007,0.68,-0.673,0.0,32.9
2025-01-23 23:00:00,Panel_B,0.0,0.0042,0.5197,-0.5155,0.0,26.8
2025-01-23 23:00:00,Panel_C,0.0,0.0,1.0761,-1.0761,0.0,24.2
2025-01-24 00:00:00,Panel_A,0.0,0.0018,0.2305,-0.2287,0.0,27.3
2025-01-24 00:00:00,Panel_B,0.0,0.0,0.1034,-0.1034,0.0,36.4
2025-01-24 00:00:00,Panel_C,0.0,0.0011,0.1539,-0.1528,0.0,34.8
2025-01-24 01:00:00,Panel_A,0.0,0.0043,0.2931,-0.2888,0.0,36.5
2025-01-24 01:00:00,Panel_B,0.0,0.0,0.2006,-0.2006,0.0,34.3
2025-01-24 01:00:00,Panel_C,0.0,0.0,0.1543,-0.1543,0.0,34.7
2025-01-24 02:00:00,Panel_A,0.0,0.0,0.1757,-0.1757,0.0,21.6
2025-01-24 02:00:00,Panel_B,0.0,0.0,0.1333,-0.1333,0.0,37.8
2025-01-24 02:00:00,Panel_C,0.0,0.0091,0.2642,-0.2551,0.0,25.1
2025-01-24 03:00:00,Panel_A,0.0,0.001,0.2858,-0.2847,0.0,28.9
2025-01-24 03:00:00,Panel_B,0.0,0.0,0.2686,-0.2686,0.0,28.0
2025-01-24 03:00:00,Panel_C,0.0,0.0051,0.1348,-0.1297,0.0,26.5
2025-01-24 04:00:00,Panel_A,0.0,0.0046,0.2275,-0.2229,0.0,21.3
2025-01-24 04:00:00,Panel_B,0.0,0.0027,0.2992,-0.2965,0.0,28.5
2025-01-24 04:00:00,Panel_C,0.0,0.0,0.2632,-0.2632,0.0,27.8
2025-01-24 05:00:00,Panel_A,0.0,0.0021,0.2773,-0.2752,0.0,27.4
2025-01-24 05:00:00,Panel_B,0.0,0.0066,0.2209,-0.2143,0.0,31.3
2025-01-24 05:00:00,Panel_C,0.0,0.0,0.1187,-0.1187,0.0,20.3
2025-01-24 06:00:00,Panel_A,171.37,0.06,0.6481,-0.5881,0.0,33.2
2025-01-24 06:00:00,Panel_B,171.37,0.0624,0.724,-0.6616,0.0,29.1
2025-01-24 06:00:00,Panel_C,171.37,0.0723,0.6007,-0.5284,0.0,20.2
2025-01-24 07:00:00,Panel_A,262.74,0.0949,1.9554,-1.8605,0.0,29.3
2025-01-24 07:00:00,Panel_B,262.74,0.0904,1.5075,-1.4171,0.0,27.6
2025-01-24 07:00:00,Panel_C,262.74,0.0976,2.2322,-2.1346,0.0,24.2
2025-01-24 08:00:00,Panel_A,502.67,0.1827,1.7108,-1.528,0.0,24.3
2025-01-24 08:00:00,Panel_B,502.67,0.1822,2.128,-1.9458,0.0,34.9
2025-01-24 08:00:00,Panel_C,502.67,0.1833,2.367,-2.1837,0.0,32.0
2025-01-24 09:00:00,Panel_A,527.09,0.1864,1.7043,-1.5179,0.0,31.3
2025-01-24 09:00:00,Panel_B,527.09,0.1699,1.8587,-1.6888,0.0,37.9
2025-01-24 09:00:00,Panel_C,527.09,0.1902,2.0659,-1.8756,0.0,36.5
2025-01-24 10:00:00,Panel_A,537.88,0.1925,1.0031,-0.8106,0.0,30.6
2025-01-24 10:00:00,Panel_B,537.88,0.1952,0.8447,-0.6495,0.0,23.5
2025-01-24 10:00:00,Panel_C,537.88,0.1963,1.1404,-0.9441,0.0,26.0
2025-01-24 11:00:00,Panel_A,756.54,0.2726,0.9421,-0.6695,0.0,29.8
2025-01-24 11:00:00,Panel_B,756.54,0.2679,0.5906,-0.3227,0.0,26.8
2025-01-24 11:00:00,Panel_C,756.54,0.2887,0.8128,-0.5241,0.0,34.0
2025-01-24 12:00:00,Panel_A,759.89,0.2707,0.7844,-0.5137,0.0,36.7
2025-01-24 12:00:00,Panel_B,759.89,0.2636,0.9973,-0.7337,0.0,27.5
2025-01-24 12:00:00,Panel_C,759.89,0.2845,1.1892,-0.9047,0.0,32.0
2025-01-24 13:00:00,Panel_A,769.78,0.2804,0.5766,-0.2963,0.0,37.4
2025-01-24 13:00:00,Panel_B,769.78,0.2613,0.6223,-0.3611,0.0,31.7
2025-01-24 13:00:00,Panel_C,769.78,0.2966,1.0438,-0.7471,0.0,32.1
2025-01-24 14:00:00,Panel_A,631.36,0.2316,0.555,-0.3234,0.0,26.0
2025-01-24 14:00:00,Panel_B,631.36,0.2222,0.6738,-0.4516,0.0,37.8
2025-01-24 14:00:00,Panel_C,631.36,0.2473,0.9793,-0.732,0.0,23.8
2025-01-24 15:00:00,Panel_A,519.08,0.1829,0.7878,-0.6049,0.0,24.2
2025-01-24 15:00:00,Panel_B,519.08,0.1769,0.5138,-0.3368,0.0,35.8
2025-01-24 15:00:00,Panel_C,519.08,0.1968,0.737,-0.5401,0.0,20.1
2025-01-24 16:00:00,Panel_A,428.51,0.159,0.6026,-0.4436,0.0,22.9
2025-01-24 16:00:00,Panel_B,428.51,0.1526,1.0531,-0.9004,0.0,31.1
2025-01-24 16:00:00,Panel_C,428.51,0.1635,0.7162,-0.5528,0.0,26.6
2025-01-24 17:00:00,Panel_A,264.9,0.0987,0.7802,-0.6816,0.0,37.0
2025-01-24 17:00:00,Panel_B,264.9,0.0956,0.7845,-0.6889,0.0,33.9
2025-01-24 17:00:00,Panel_C,264.9,0.1054,1.1354,-1.03,0.0,21.6
2025-01-24 18:00:00,Panel_A,182.12,0.0625,3.2077,-3.1452,0.0,35.3
2025-01-24 18:00:00,Panel_B,182.12,0.0667,2.4337,-2.367,0.0,37.1
2025-01-24 18:00:00,Panel_C,182.12,0.0811,2.9677,-2.8866,0.0,20.3
2025-01-24 19:00:00,Panel_A,0.0,0.0059,3.4406,-3.4346,0.0,20.8
2025-01-24 19:00:00,Panel_B,0.0,0.0036,2.9989,-2.9953,0.0,34.8
2025-01-24 19:00:00,Panel_C,0.0,0.0006,2.0199,-2.0194,0.0,29.8
2025-01-24 20:00:00,Panel_A,0.0,0.0,2.1083,-2.1083,0.0,32.3
2025-01-24 20:00:00,Panel_B,0.0,0.0,2.7548,-2.7548,0.0,33.8
2025-01-24 20:00:00,Panel_C,0.0,0.0,2.9724,-2.9724,0.0,23.1
2025-01-24 21:00:00,Panel_A,0.0,0.0,3.3086,-3.3086,0.0,31.0
2025-01-24 21:00:00,Panel_B,0.0,0.0,2.9402,-2.9402,0.0,24.6
2025-01-24 21:00:00,Panel_C,0.0,0.0002,3.2055,-3.2054,0.0,34.7
2025-01-24 22:00:00,Panel_A,0.0,0.0,2.6824,-2.6824,0.0,33.6
2025-01-24 22:00:00,Panel_B,0.0,0.0021,2.1987,-2.1966,0.0,29.8
2025-01-24 22:00:00,Panel_C,0.0,0.0,2.627,-2.627,0.0,35.4
2025-01-24 23:00:00,Panel_A,0.0,0.0005,1.0993,-1.0988,0.0,21.8
2025-01-24 23:00:00,Panel_B,0.0,0.0,1.1123,-1.1123,0.0,22.3
2025-01-24 23:00:00,Panel_C,0.0,0.0,1.004,-1.004,0.0,21.8
2025-01-25 00:00:00,Panel_A,0.0,0.0,0.2578,-0.2578,0.0,24.2
2025-01-25 00:00:00,Panel_B,0.0,0.0064,0.2278,-0.2214,0.0,24.2
2025-01-25 00:00:00,Panel_C,0.0,0.0034,0.1254,-0.122,0.0,35.6
2025-01-25 01:00:00,Panel_A,0.0,0.0019,0.2187,-0.2168,0.0,22.3
2025-01-25 01:00:00,Panel_B,0.0,0.0,0.2401,-0.2401,0.0,33.7
2025-01-25 01:00:00,Panel_C,0.0,0.0,0.1212,-0.1212,0.0,29.1
2025-01-25 02:00:00,Panel_A,0.0,0.0032,0.2071,-0.2039,0.0,27.1
2025-01-25 02:00:00,Panel_B,0.0,0.0001,0.2696,-0.2695,0.0,28.9
2025-01-25 02:00:00,Panel_C,0.0,0.0,0.2694,-0.2694,0.0,35.0
2025-01-25 03:00:00,Panel_A,0.0,0.0,0.1807,-0.1807,0.0,26.0
2025-01-25 03:00:00,Panel_B,0.0,0.0138,0.1477,-0.1339,0.0,34.3
2025-01-25 03:00:00,Panel_C,0.0,0.0,0.1973,-0.1973,0.0,26.0
2025-01-25 04:00:00,Panel_A,0.0,0.0,0.2899,-0.2899,0.0,25.5
2025-01-25 04:00:00,Panel_B,0.0,0.0,0.1338,-0.1338,0.0,28.3
2025-01-25 04:00:00,Panel_C,0.0,0.0024,0.2103,-0.2079,0.0,26.4
2025-01-25 05:00:00,Panel_A,0.0,0.0,0.1895,-0.1895,0.0,37.4
2025-01-25 05:00:00,Panel_B,0.0,0.0,0.1487,-0.1487,0.0,28.2
2025-01-25 05:00:00,Panel_C,0.0,0.0,0.2519,-0.2519,0.0,23.7
2025-01-25 06:00:00,Panel_A,255.42,0.0899,0.7371,-0.6473,0.0,30.1
2025-01-25 06:00:00,Panel_B,255.42,0.0927,0.5366,-0.4439,0.0,35.3
2025-01-25 06:00:00,Panel_C,255.42,0.093,0.6387,-0.5457,0.0,35.7
2025-01-25 07:00:00,Panel_A,354.38,0.1232,1.8192,-1.696,0.0,36.3
2025-01-25 07:00:00,Panel_B,354.38,0.1232,1.993,-1.8698,0.0,21.5
2025-01-25 07:00:00,Panel_C,354.38,0.1337,1.696,-1.5622,0.0,37.0
2025-01-25 08:00:00,Panel_A,413.23,0.15,2.4233,-2.2733,0.0,29.8
2025-01-25 08:00:00,Panel_B,413.23,0.1492,2.1589,-2.0097,0.0,37.8
2025-01-25 08:00:00,Panel_C,413.23,0.1518,1.765,-1.6133,0.0,32.1
2025-01-25 09:00:00,Panel_A,583.45,0.2131,2.0097,-1.7966,0.0,25.4
2025-01-25 09:00:00,Panel_B,583.45,0.2019,1.876,-1.6741,0.0,33.6
2025-01-25 09:00:00,Panel_C,583.45,0.2179,2.0397,-1.8217,0.0,21.4
2025-01-25 10:00:00,Panel_A,713.77,0.2562,0.9462,-0.6899,0.0,34.4
2025-01-25 10:00:00,Panel_B,713.77,0.2389,0.5759,-0.337,0.0,35.8
2025-01-25 10:00:00,Panel_C,713.77,0.2686,1.0482,-0.7796,0.0,23.0
2025-01-25 11:00:00,Panel_A,636.76,0.242,0.9376,-0.6956,0.0,37.0
2025-01-25 11:00:00,Panel_B,636.76,0.2288,0.5352,-0.3065,0.0,21.1
2025-01-25 11:00:00,Panel_C,636.76,0.2537,0.6311,-0.3775,0.0,20.6
2025-01-25 12:00:00,Panel_A,843.54,0.3084,0.5952,-0.2868,0.0,35.0
2025-01-25 12:00:00,Panel_B,843.54,0.2929,0.6743,-0.3814,0.0,26.7
2025-01-25 12:00:00,Panel_C,843.54,0.3164,0.6783,-0.3619,0.0,28.8
2025-01-25 13:00:00,Panel_A,777.55,0.2797,0.5391,-0.2594,0.0,22.6
2025-01-25 13:00:00,Panel_B,777.55,0.2729,0.5382,-0.2653,0.0,35.1
2025-01-25 13:00:00,Panel_C,777.55,0.2929,0.8584,-0.5655,0.0,29.5
2025-01-25 14:00:00,Panel_A,617.27,0.2234,0.6384,-0.415,0.0,25.7
2025-01-25 14:00:00,Panel_B,617.27,0.2093,0.5814,-0.3721,0.0,37.5
2025-01-25 14:00:00,Panel_C,617.27,0.2367,0.5154,-0.2787,0.0,34.4
2025-01-25 15:00:00,Panel_A,519.99,0.192,0.5949,-0.4029,0.0,22.6
2025-01-25 15:00:00,Panel_B,519.99,0.187,1.0479,-0.861,0.0,36.9
2025-01-25 15:00:00,Panel_C,519.99,0.2045,0.9843,-0.7799,0.0,22.8
2025-01-25 16:00:00,Panel_A,447.98,0.1589,0.6465,-0.4876,0.0,21.3
2025-01-25 16:00:00,Panel_B,447.98,0.1529,1.144,-0.9911,0.0,31.7
2025-01-25 16:00:00,Panel_C,447.98,0.1783,0.5633,-0.385,0.0,37.1
2025-01-25 17:00:00,Panel_A,247.25,0.0829,0.7816,-0.6987,0.0,20.9
2025-01-25 17:00:00,Panel_B,247.25,0.0812,0.7807,-0.6995,0.0,26.3
2025-01-25 17:00:00,Panel_C,247.25,0.0939,1.041,-0.9471,0.0,34.5
2025-01-25 18:00:00,Panel_A,164.46,0.0541,2.56,-2.5059,0.0,22.7
2025-01-25 18:00:00,Panel_B,164.46,0.0608,2.2856,-2.2248,0.0,26.6
2025-01-25 18:00:00,Panel_C,164.46,0.0671,2.1587,-2.0916,0.0,31.3
2025-01-25 19:00:00,Panel_A,0.0,0.0,2.8678,-2.8678,0.0,36.4
2025-01-25 19:00:00,Panel_B,0.0,0.0066,2.8311,-2.8245,0.0,23.1
2025-01-25 19:00:00,Panel_C,0.0,0.0053,2.9663,-2.961,0.0,31.7
2025-01-25 20:00:00,Panel_A,0.0,0.0,3.3002,-3.3002,0.0,36.1
2025-01-25 20:00:00,Panel_B,0.0,0.0083,3.1354,-3.1271,0.0,30.9
2025-01-25 20:00:00,Panel_C,0.0,0.0015,2.2502,-2.2487,0.0,34.4
2025-01-25 21:00:00,Panel_A,0.0,0.0,2.6957,-2.6957,0.0,23.1
2025-01-25 21:00:00,Panel_B,0.0,0.0012,2.5062,-2.505,0.0,20.3
2025-01-25 21:00:00,Panel_C,0.0,0.0055,2.9294,-2.9239,0.0,31.9
2025-01-25 22:00:00,Panel_A,0.0,0.0,3.2544,-3.2544,0.0,23.9
2025-01-25 22:00:00,Panel_B,0.0,0.0,3.4721,-3.4721,0.0,21.8
2025-01-25 22:00:00,Panel_C,0.0,0.0061,2.4546,-2.4484,0.0,31.5
2025-01-25 23:00:00,Panel_A,0.0,0.0029,0.5459,-0.543,0.0,29.9
2025-01-25 23:00:00,Panel_B,0.0,0.0,0.9136,-0.9136,0.0,31.7
2025-01-25 23:00:00,Panel_C,0.0,0.0,1.0906,-1.0906,0.0,23.5
2025-01-26 00:00:00,Panel_A,0.0,0.0,0.2654,-0.2654,0.0,30.1
2025-01-26 00:00:00,Panel_B,0.0,0.0039,0.1415,-0.1376,0.0,30.2
2025-01-26 00:00:00,Panel_C,0.0,0.0048,0.2735,-0.2687,0.0,27.8
2025-01-26 01:00:00,Panel_A,0.0,0.0,0.1286,-0.1286,0.0,27.0
2025-01-26 01:00:00,Panel_B,0.0,0.0025,0.2903,-0.2878,0.0,25.8
2025-01-26 01:00:00,Panel_C,0.0,0.0,0.2449,-0.2449,0.0,25.6
2025-01-26 02:00:00,Panel_A,0.0,0.0,0.2566,-0.2566,0.0,28.0
2025-01-26 02:00:00,Panel_B,0.0,0.0076,0.1765,-0.1688,0.0,28.0
2025-01-26 02:00:00,Panel_C,0.0,0.0,0.1752,-0.1752,0.0,26.6
2025-01-26 03:00:00,Panel_A,0.0,0.0069,0.1724,-0.1655,0.0,29.4
2025-01-26 03:00:00,Panel_B,0.0,0.0006,0.2341,-0.2336,0.0,24.8
2025-01-26 03:00:00,Panel_C,0.0,0.0014,0.2447,-0.2433,0.0,30.4
2025-01-26 04:00:00,Panel_A,0.0,0.0,0.2295,-0.2295,0.0,20.5
2025-01-26 04:00:00,Panel_B,0.0,0.001,0.2091,-0.2082,0.0,26.5
2025-01-26 04:00:00,Panel_C,0.0,0.012,0.1163,-0.1043,0.0,23.5
2025-01-26 05:00:00,Panel_A,0.0,0.0,0.1933,-0.1933,0.0,20.9
2025-01-26 05:00:00,Panel_B,0.0,0.0028,0.1075,-0.1047,0.0,32.9
2025-01-26 05:00:00,Panel_C,0.0,0.0036,0.1486,-0.1451,0.0,33.4
2025-01-26 06:00:00,Panel_A,339.7,0.1202,0.8225,-0.7023,0.0,25.2
2025-01-26 06:00:00,Panel_B,339.7,0.1166,0.6732,-0.5566,0.0,31.6
2025-01-26 06:00:00,Panel_C,339.7,0.1343,0.7924,-0.6581,0.0,21.3
2025-01-26 07:00:00,Panel_A,312.75,0.1206,1.5074,-1.3868,0.0,29.3
2025-01-26 07:00:00,Panel_B,312.75,0.1131,1.5375,-1.4244,0.0,30.2
2025-01-26 07:00:00,Panel_C,312.75,0.1083,2.445,-2.3367,0.0,32.1
2025-01-26 08:00:00,Panel_A,518.47,0.1864,1.7402,-1.5539,0.0,28.5
2025-01-26 08:00:00,Panel_B,518.47,0.1778,1.9555,-1.7777,0.0,30.5
2025-01-26 08:00:00,Panel_C,518.47,0.1919,2.0037,-1.8119,0.0,34.9
2025-01-26 09:00:00,Panel_A,532.04,0.1854,2.4355,-2.2502,0.0,36.4
2025-01-26 09:00:00,Panel_B,532.04,0.1925,1.7093,-1.5169,0.0,20.7
2025-01-26 09:00:00,Panel_C,532.04,0.2058,2.4679,-2.262,0.0,36.0
2025-01-26 10:00:00,Panel_A,706.41,0.2579,0.5195,-0.2616,0.0,24.4
2025-01-26 10:00:00,Panel_B,706.41,0.2592,0.8217,-0.5625,0.0,31.3
2025-01-26 10:00:00,Panel_C,706.41,0.2766,0.6958,-0.4193,0.0,30.2
2025-01-26 11:00:00,Panel_A,787.16,0.2825,1.0251,-0.7426,0.0,32.5
2025-01-26 11:00:00,Panel_B,787.16,0.2714,1.1934,-0.922,0.0,25.0
2025-01-26 11:00:00,Panel_C,787.16,0.2887,0.8084,-0.5197,0.0,35.4
2025-01-26 12:00:00,Panel_A,798.9,0.2912,0.6425,-0.3512,0.0,35.7
2025-01-26 12:00:00,Panel_B,798.9,0.2814,0.5418,-0.2605,0.0,36.0
2025-01-26 12:00:00,Panel_C,798.9,0.2975,0.8585,-0.561,0.0,36.9
2025-01-26 13:00:00,Panel_A,711.93,0.2556,1.0996,-0.844,0.0,27.1
2025-01-26 13:00:00,Panel_B,711.93,0.2471,0.6394,-0.3924,0.0,27.6
2025-01-26 13:00:00,Panel_C,711.93,0.2743,1.0334,-0.7591,0.0,29.1
2025-01-26 14:00:00,Panel_A,669.25,0.2408,0.5408,-0.2999,0.0,24.7
2025-01-26 14:00:00,Panel_B,669.25,0.2357,0.8052,-0.5696,0.0,22.8
2025-01-26 14:00:00,Panel_C,669.25,0.2574,1.005,-0.7477,0.0,36.9
2025-01-26 15:00:00,Panel_A,476.29,0.1717,1.0423,-0.8706,0.0,30.1
2025-01-26 15:00:00,Panel_B,476.29,0.1719,0.8869,-0.715,0.0,22.1
2025-01-26 15:00:00,Panel_C,476.29,0.1814,0.6882,-0.5068,0.0,20.4
2025-01-26 16:00:00,Panel_A,362.9,0.1354,1.1782,-1.0427,0.0,28.7
2025-01-26 16:00:00,Panel_B,362.9,0.1386,0.5445,-0.4059,0.0,29.9
2025-01-26 16:00:00,Panel_C,362.9,0.1288,1.1347,-1.0059,0.0,23.4
2025-01-26 17:00:00,Panel_A,253.07,0.0841,0.5288,-0.4446,0.0,26.3
2025-01-26 17:00:00,Panel_B,253.07,0.0971,0.6857,-0.5886,0.0,32.3
2025-01-26 17:00:00,Panel_C,253.07,0.0923,1.1538,-1.0615,0.0,33.8
2025-01-26 18:00:00,Panel_A,187.46,0.0726,2.9713,-2.8987,0.0,37.4
2025-01-26 18:00:00,Panel_B,187.46,0.0681,3.0709,-3.0028,0.0,36.6
2025-01-26 18:00:00,Panel_C,187.46,0.0661,2.7923,-2.7262,0.0,22.3
2025-01-26 19:00:00,Panel_A,0.0,0.0002,2.8887,-2.8885,0.0,28.7
2025-01-26 19:00:00,Panel_B,0.0,0.0,3.4258,-3.4258,0.0,26.9
2025-01-26 19:00:00,Panel_C,0.0,0.0,2.6366,-2.6366,0.0,32.9
2025-01-26 20:00:00,Panel_A,0.0,0.0,2.6162,-2.6162,0.0,23.9
2025-01-26 20:00:00,Panel_B,0.0,0.0041,3.449,-3.4449,0.0,22.4
2025-01-26 20:00:00,Panel_C,0.0,0.0,2.3327,-2.3327,0.0,34.0
2025-01-26 21:00:00,Panel_A,0.0,0.0,2.3018,-2.3018,0.0,21.4
2025-01-26 21:00:00,Panel_B,0.0,0.0,2.1271,-2.1271,0.0,34.5
2025-01-26 21:00:00,Panel_C,0.0,0.0,3.1572,-3.1572,0.0,36.5
2025-01-26 22:00:00,Panel_A,0.0,0.0022,2.0785,-2.0763,0.0,34.1
2025-01-26 22:00:00,Panel_B,0.0,0.0042,3.2683,-3.264,0.0,34.4
2025-01-26 22:00:00,Panel_C,0.0,0.0,3.268,-3.268,0.0,33.1
2025-01-26 23:00:00,Panel_A,0.0,0.0003,1.1865,-1.1863,0.0,22.8
2025-01-26 23:00:00,Panel_B,0.0,0.0,1.0548,-1.0548,0.0,23.4
2025-01-26 23:00:00,Panel_C,0.0,0.0,0.5467,-0.5467,0.0,38.0
2025-01-27 00:00:00,Panel_A,0.0,0.0052,0.2109,-0.2058,0.0,36.2
2025-01-27 00:00:00,Panel_B,0.0,0.0,0.2852,-0.2852,0.0,20.2
2025-01-27 00:00:00,Panel_C,0.0,0.0,0.2339,-0.2339,0.0,36.0
2025-01-27 01:00:00,Panel_A,0.0,0.0,0.192,-0.192,0.0,30.9
2025-01-27 01:00:00,Panel_B,0.0,0.0026,0.2935,-0.2909,0.0,24.8
2025-01-27 01:00:00,Panel_C,0.0,0.0,0.199,-0.199,0.0,21.6
2025-01-27 02:00:00,Panel_A,0.0,0.0007,0.1289,-0.1282,0.0,28.0
2025-01-27 02:00:00,Panel_B,0.0,0.0146,0.1668,-0.1522,0.0,29.4
2025-01-27 02:00:00,Panel_C,0.0,0.0,0.2522,-0.2522,0.0,32.8
2025-01-27 03:00:00,Panel_A,0.0,0.0001,0.1733,-0.1732,0.0,21.0
2025-01-27 03:00:00,Panel_B,0.0,0.0,0.1368,-0.1368,0.0,30.4
2025-01-27 03:00:00,Panel_C,0.0,0.0,0.131,-0.131,0.0,26.4
2025-01-27 04:00:00,Panel_A,0.0,0.0027,0.1773,-0.1745,0.0,27.6
2025-01-27 04:00:00,Panel_B,0.0,0.009,0.2124,-0.2034,0.0,20.1
2025-01-27 04:00:00,Panel_C,0.0,0.0011,0.284,-0.2829,0.0,24.9
2025-01-27 05:00:00,Panel_A,0.0,0.0,0.1741,-0.1741,0.0,30.2
2025-01-27 05:00:00,Panel_B,0.0,0.0,0.2338,-0.2338,0.0,27.4
2025-01-27 05:00:00,Panel_C,0.0,0.0011,0.1941,-0.1931,0.0,20.9
2025-01-27 06:00:00,Panel_A,211.85,0.0733,0.8178,-0.7445,0.0,25.4
2025-01-27 06:00:00,Panel_B,211.85,0.0793,1.0243,-0.945,0.0,24.9
2025-01-27 06:00:00,Panel_C,211.85,0.0788,0.5823,-0.5034,0.0,24.5
2025-01-27 07:00:00,Panel_A,295.83,0.1104,2.0335,-1.9231,0.0,30.7
2025-01-27 07:00:00,Panel_B,295.83,0.1093,2.0233,-1.9139,0.0,22.1
2025-01-27 07:00:00,Panel_C,295.83,0.1099,1.6291,-1.5192,0.0,29.7
2025-01-27 08:00:00,Panel_A,407.6,0.1487,2.3695,-2.2208,0.0,33.8
2025-01-27 08:00:00,Panel_B,407.6,0.1441,1.6997,-1.5556,0.0,26.7
2025-01-27 08:00:00,Panel_C,407.6,0.1524,2.0017,-1.8493,0.0,33.1
2025-01-27 09:00:00,Panel_A,542.81,0.1908,1.9851,-1.7943,0.0,29.7
2025-01-27 09:00:00,Panel_B,542.81,0.1878,2.3078,-2.12,0.0,32.5
2025-01-27 09:00:00,Panel_C,542.81,0.2083,2.0559,-1.8475,0.0,32.6
2025-01-27 10:00:00,Panel_A,626.69,0.2243,0.966,-0.7417,0.0,29.4
2025-01-27 10:00:00,Panel_B,626.69,0.2124,1.1348,-0.9225,0.0,30.6
2025-01-27 10:00:00,Panel_C,626.69,0.2442,0.5598,-0.3156,0.0,28.1
2025-01-27 11:00:00,Panel_A,805.55,0.2933,0.8462,-0.5529,0.0,36.1
2025-01-27 11:00:00,Panel_B,805.55,0.2789,1.129,-0.8501,0.0,36.1
2025-01-27 11:00:00,Panel_C,805.55,0.2983,0.98,-0.6817,0.0,35.5
2025-01-27 12:00:00,Panel_A,751.71,0.2679,0.6676,-0.3996,0.0,27.5
2025-01-27 12:00:00,Panel_B,751.71,0.259,0.5945,-0.3355,0.0,25.3
2025-01-27 12:00:00,Panel_C,751.71,0.28,0.9006,-0.6206,0.0,28.0
2025-01-27 13:00:00,Panel_A,830.63,0.2951,1.1255,-0.8303,0.0,33.6
2025-01-27 13:00:00,Panel_B,830.63,0.2967,0.6064,-0.3097,0.0,22.3
2025-01-27 13:00:00,Panel_C,830.63,0.3115,0.7419,-0.4304,0.0,34.5
2025-01-27 14:00:00,Panel_A,612.7,0.2242,0.8887,-0.6645,0.0,29.5
2025-01-27 14:00:00,Panel_B,612.7,0.2084,1.1051,-0.8966,0.0,25.6
2025-01-27 14:00:00,Panel_C,612.7,0.2363,0.9859,-0.7496,0.0,20.3
2025-01-27 15:00:00,Panel_A,480.53,0.1667,0.8804,-0.7138,0.0,21.3
2025-01-27 15:00:00,Panel_B,480.53,0.165,0.9739,-0.8089,0.0,34.5
2025-01-27 15:00:00,Panel_C,480.53,0.1859,0.8933,-0.7074,0.0,33.3
2025-01-27 16:00:00,Panel_A,355.52,0.1348,1.0662,-0.9314,0.0,25.3
2025-01-27 16:00:00,Panel_B,355.52,0.1323,0.7653,-0.633,0.0,25.4
2025-01-27 16:00:00,Panel_C,355.52,0.1374,0.8215,-0.6842,0.0,34.7
2025-01-27 17:00:00,Panel_A,292.34,0.109,0.963,-0.854,0.0,36.3
2025-01-27 17:00:00,Panel_B,292.34,0.1013,0.9962,-0.895,0.0,34.8
2025-01-27 17:00:00,Panel_C,292.34,0.1095,1.0999,-0.9904,0.0,27.5
2025-01-27 18:00:00,Panel_A,177.6,0.0597,2.3461,-2.2864,0.0,25.2
2025-01-27 18:00:00,Panel_B,177.6,0.0608,2.8941,-2.8333,0.0,21.6
2025-01-27 18:00:00,Panel_C,177.6,0.0737,2.506,-2.4324,0.0,21.6
2025-01-27 19:00:00,Panel_A,0.0,0.0,3.4002,-3.4002,0.0,26.2
2025-01-27 19:00:00,Panel_B,0.0,0.0,2.2415,-2.2415,0.0,30.1
2025-01-27 19:00:00,Panel_C,0.0,0.0054,2.7157,-2.7102,0.0,37.9
2025-01-27 20:00:00,Panel_A,0.0,0.0011,3.0188,-3.0177,0.0,21.3
2025-01-27 20:00:00,Panel_B,0.0,0.0024,2.4565,-2.4541,0.0,21.6
2025-01-27 20:00:00,Panel_C,0.0,0.0,2.0021,-2.0021,0.0,28.1
2025-01-27 21:00:00,Panel_A,0.0,0.0013,3.4988,-3.4975,0.0,25.2
2025-01-27 21:00:00,Panel_B,0.0,0.006,2.4207,-2.4147,0.0,22.9
2025-01-27 21:00:00,Panel_C,0.0,0.0,3.1893,-3.1893,0.0,36.3
2025-01-27 22:00:00,Panel_A,0.0,0.0,3.4626,-3.4626,0.0,24.2
2025-01-27 22:00:00,Panel_B,0.0,0.0,2.1693,-2.1693,0.0,35.7
2025-01-27 22:00:00,Panel_C,0.0,0.0039,2.9542,-2.9503,0.0,23.0
2025-01-27 23:00:00,Panel_A,0.0,0.0,1.0158,-1.0158,0.0,28.2
2025-01-27 23:00:00,Panel_B,0.0,0.0,1.1925,-1.1925,0.0,21.0
2025-01-27 23:00:00,Panel_C,0.0,0.0,0.8522,-0.8522,0.0,25.7
2025-01-28 00:00:00,Panel_A,0.0,0.0,0.2458,-0.2458,0.0,35.7
2025-01-28 00:00:00,Panel_B,0.0,0.0008,0.2652,-0.2643,0.0,25.5
2025-01-28 00:00:00,Panel_C,0.0,0.0058,0.1797,-0.1739,0.0,25.7
2025-01-28 01:00:00,Panel_A,0.0,0.0,0.2923,-0.2923,0.0,25.6
2025-01-28 01:00:00,Panel_B,0.0,0.0,0.1196,-0.1196,0.0,29.5
2025-01-28 01:00:00,Panel_C,0.0,0.0,0.1867,-0.1867,0.0,34.4
2025-01-28 02:00:00,Panel_A,0.0,0.0,0.2479,-0.2479,0.0,27.7
2025-01-28 02:00:00,Panel_B,0.0,0.0,0.2548,-0.2548,0.0,20.9
2025-01-28 02:00:00,Panel_C,0.0,0.0,0.1026,-0.1026,0.0,34.3
2025-01-28 03:00:00,Panel_A,0.0,0.0,0.1471,-0.1471,0.0,36.8
2025-01-28 03:00:00,Panel_B,0.0,0.0,0.2719,-0.2719,0.0,32.8
2025-01-28 03:00:00,Panel_C,0.0,0.0129,0.295,-0.2822,0.0,37.4
2025-01-28 04:00:00,Panel_A,0.0,0.0,0.1431,-0.1431,0.0,34.6
2025-01-28 04:00:00,Panel_B,0.0,0.0,0.2352,-0.2352,0.0,27.3
2025-01-28 04:00:00,Panel_C,0.0,0.0,0.2863,-0.2863,0.0,21.6
2025-01-28 05:00:00,Panel_A,0.0,0.0042,0.2808,-0.2766,0.0,22.8
2025-01-28 05:00:00,Panel_B,0.0,0.0001,0.1733,-0.1732,0.0,31.1
2025-01-28 05:00:00,Panel_C,0.0,0.0,0.2198,-0.2198,0.0,21.3
2025-01-28 06:00:00,Panel_A,75.15,0.0276,0.5136,-0.486,0.0,25.9
2025-01-28 06:00:00,Panel_B,75.15,0.0271,0.9396,-0.9125,0.0,25.0
2025-01-28 06:00:00,Panel_C,75.15,0.0298,0.5503,-0.5206,0.0,36.4
2025-01-28 07:00:00,Panel_A,325.01,0.1075,1.8928,-1.7853,0.0,23.2
2025-01-28 07:00:00,Panel_B,325.01,0.1153,2.0781,-1.9628,0.0,37.2
2025-01-28 07:00:00,Panel_C,325.01,0.1192,2.12,-2.0008,0.0,26.1
2025-01-28 08:00:00,Panel_A,416.67,0.149,1.6928,-1.5439,0.0,23.4
2025-01-28 08:00:00,Panel_B,416.67,0.1514,2.2688,-2.1173,0.0,24.8
2025-01-28 08:00:00,Panel_C,416.67,0.1548,1.8217,-1.6669,0.0,28.4
2025-01-28 09:00:00,Panel_A,586.29,0.2082,1.6494,-1.4412,0.0,29.2
2025-01-28 09:00:00,Panel_B,586.29,0.1993,1.9606,-1.7613,0.0,36.2
2025-01-28 09:00:00,Panel_C,586.29,0.2219,1.9917,-1.7698,0.0,36.1
2025-01-28 10:00:00,Panel_A,712.29,0.2526,0.6608,-0.4082,0.0,23.6
2025-01-28 10:00:00,Panel_B,712.29,0.2404,0.5264,-0.286,0.0,31.6
2025-01-28 10:00:00,Panel_C,712.29,0.2741,1.096,-0.8219,0.0,28.7
2025-01-28 11:00:00,Panel_A,737.36,0.2672,0.6404,-0.3732,0.0,23.9
2025-01-28 11:00:00,Panel_B,737.36,0.2578,0.7043,-0.4465,0.0,23.1
2025-01-28 11:00:00,Panel_C,737.36,0.284,0.9307,-0.6468,0.0,27.4
2025-01-28 12:00:00,Panel_A,788.91,0.2856,0.9309,-0.6453,0.0,20.7
2025-01-28 12:00:00,Panel_B,788.91,0.2691,0.7821,-0.513,0.0,31.7
2025-01-28 12:00:00,Panel_C,788.91,0.3047,0.7244,-0.4197,0.0,21.7
2025-01-28 13:00:00,Panel_A,837.98,0.2965,1.1633,-0.8668,0.0,28.6
2025-01-28 13:00:00,Panel_B,837.98,0.2923,0.7221,-0.4298,0.0,33.8
2025-01-28 13:00:00,Panel_C,837.98,0.3086,1.0684,-0.7598,0.0,35.6
2025-01-28 14:00:00,Panel_A,678.43,0.2426,0.8964,-0.6538,0.0,33.7
2025-01-28 14:00:00,Panel_B,678.43,0.2381,0.5956,-0.3575,0.0,24.1
2025-01-28 14:00:00,Panel_C,678.43,0.257,0.8127,-0.5558,0.0,20.1
2025-01-28 15:00:00,Panel_A,635.89,0.2265,0.8785,-0.652,0.0,32.2
2025-01-28 15:00:00,Panel_B,635.89,0.2281,0.9918,-0.7638,0.0,37.2
2025-01-28 15:00:00,Panel_C,635.89,0.2297,1.1676,-0.9379,0.0,31.6
2025-01-28 16:00:00,Panel_A,453.62,0.1597,1.0898,-0.93,0.0,26.5
2025-01-28 16:00:00,Panel_B,453.62,0.1568,0.9623,-0.8055,0.0,28.5
2025-01-28 16:00:00,Panel_C,453.62,0.1745,0.5425,-0.3679,0.0,27.4
2025-01-28 17:00:00,Panel_A,224.57,0.0699,1.0241,-0.9542,0.0,34.9
2025-01-28 17:00:00,Panel_B,224.57,0.0866,1.0399,-0.9533,0.0,20.7
2025-01-28 17:00:00,Panel_C,224.57,0.0862,1.1544,-1.0682,0.0,35.0
2025-01-28 18:00:00,Panel_A,114.95,0.039,2.6442,-2.6052,0.0,28.5
2025-01-28 18:00:00,Panel_B,114.95,0.0444,2.2361,-2.1916,0.0,20.6
2025-01-28 18:00:00,Panel_C,114.95,0.0425,3.3928,-3.3502,0.0,30.4
2025-01-28 19:00:00,Panel_A,0.0,0.0,3.0006,-3.0006,0.0,36.4
2025-01-28 19:00:00,Panel_B,0.0,0.006,2.0582,-2.0522,0.0,23.4
2025-01-28 19:00:00,Panel_C,0.0,0.0,3.2469,-3.2469,0.0,33.8
2025-01-28 20:00:00,Panel_A,0.0,0.0,2.8003,-2.8003,0.0,20.0
2025-01-28 20:00:00,Panel_B,0.0,0.0,2.3619,-2.3619,0.0,23.7
2025-01-28 20:00:00,Panel_C,0.0,0.0038,2.4195,-2.4157,0.0,23.4
2025-01-28 21:00:00,Panel_A,0.0,0.0,2.7564,-2.7564,0.0,35.6
2025-01-28 21:00:00,Panel_B,0.0,0.0,2.5346,-2.5346,0.0,33.5
2025-01-28 21:00:00,Panel_C,0.0,0.0,2.826,-2.826,0.0,34.7
2025-01-28 22:00:00,Panel_A,0.0,0.0,2.0601,-2.0601,0.0,37.7
2025-01-28 22:00:00,Panel_B,0.0,0.0125,2.5752,-2.5627,0.0,22.7
2025-01-28 22:00:00,Panel_C,0.0,0.0,2.8787,-2.8787,0.0,30.6
2025-01-28 23:00:00,Panel_A,0.0,0.0048,0.812,-0.8072,0.0,35.1
2025-01-28 23:00:00,Panel_B,0.0,0.0,0.8764,-0.8764,0.0,31.9
2025-01-28 23:00:00,Panel_C,0.0,0.0,1.0488,-1.0488,0.0,27.1
2025-01-29 00:00:00,Panel_A,0.0,0.0,0.2865,-0.2865,0.0,26.9
2025-01-29 00:00:00,Panel_B,0.0,0.002,0.2459,-0.2439,0.0,20.4
2025-01-29 00:00:00,Panel_C,0.0,0.0,0.2757,-0.2757,0.0,29.5
2025-01-29 01:00:00,Panel_A,0.0,0.0,0.286,-0.286,0.0,28.7
2025-01-29 01:00:00,Panel_B,0.0,0.0,0.2605,-0.2605,0.0,24.4
2025-01-29 01:00:00,Panel_C,0.0,0.0,0.2799,-0.2799,0.0,36.4
2025-01-29 02:00:00,Panel_A,0.0,0.0002,0.2354,-0.2353,0.0,34.0
2025-01-29 02:00:00,Panel_B,0.0,0.0035,0.1262,-0.1228,0.0,30.8
2025-01-29 02:00:00,Panel_C,0.0,0.0,0.131,-0.131,0.0,23.3
2025-01-29 03:00:00,Panel_A,0.0,0.0,0.173,-0.173,0.0,27.8
2025-01-29 03:00:00,Panel_B,0.0,0.0,0.2007,-0.2007,0.0,23.3
2025-01-29 03:00:00,Panel_C,0.0,0.001,0.2148,-0.2138,0.0,31.5
2025-01-29 04:00:00,Panel_A,0.0,0.0082,0.1671,-0.1589,0.0,33.8
2025-01-29 04:00:00,Panel_B,0.0,0.002,0.1866,-0.1846,0.0,28.7
2025-01-29 04:00:00,Panel_C,0.0,0.0059,0.162,-0.156,0.0,21.5
2025-01-29 05:00:00,Panel_A,0.0,0.0077,0.1182,-0.1105,0.0,36.6
2025-01-29 05:00:00,Panel_B,0.0,0.0,0.1713,-0.1713,0.0,30.7
2025-01-29 05:00:00,Panel_C,0.0,0.0019,0.2671,-0.2652,0.0,20.8
2025-01-29 06:00:00,Panel_A,204.52,0.0722,0.5064,-0.4342,0.0,23.6
2025-01-29 06:00:00,Panel_B,204.52,0.0722,0.6832,-0.611,0.0,21.2
2025-01-29 06:00:00,Panel_C,204.52,0.08,0.5197,-0.4397,0.0,24.4
2025-01-29 07:00:00,Panel_A,277.66,0.1048,2.2203,-2.1155,0.0,36.5
2025-01-29 07:00:00,Panel_B,277.66,0.0908,2.0171,-1.9263,0.0,36.3
2025-01-29 07:00:00,Panel_C,277.66,0.1036,2.3044,-2.2008,0.0,21.2
2025-01-29 08:00:00,Panel_A,449.34,0.1706,2.4075,-2.2369,0.0,22.2
2025-01-29 08:00:00,Panel_B,449.34,0.1625,1.91,-1.7476,0.0,28.7
2025-01-29 08:00:00,Panel_C,449.34,0.1712,1.5705,-1.3992,0.0,25.0
2025-01-29 09:00:00,Panel_A,573.57,0.2057,1.7827,-1.577,0.0,28.3
2025-01-29 09:00:00,Panel_B,573.57,0.1961,1.9864,-1.7904,0.0,33.3
2025-01-29 09:00:00,Panel_C,573.57,0.2203,2.3669,-2.1465,0.0,31.3
2025-01-29 10:00:00,Panel_A,638.95,0.2319,1.162,-0.9302,0.0,22.4
2025-01-29 10:00:00,Panel_B,638.95,0.2199,1.1535,-0.9336,0.0,33.0
2025-01-29 10:00:00,Panel_C,638.95,0.2471,1.0277,-0.7805,0.0,23.9
2025-01-29 11:00:00,Panel_A,872.24,0.309,1.039,-0.73,0.0,21.9
2025-01-29 11:00:00,Panel_B,872.24,0.3092,0.8628,-0.5536,0.0,28.3
2025-01-29 11:00:00,Panel_C,872.24,0.3287,0.7201,-0.3915,0.0,30.5
2025-01-29 12:00:00,Panel_A,769.62,0.2849,0.9405,-0.6555,0.0,32.6
2025-01-29 12:00:00,Panel_B,769.62,0.2685,1.1018,-0.8333,0.0,28.2
2025-01-29 12:00:00,Panel_C,769.62,0.2929,0.6837,-0.3908,0.0,24.4
2025-01-29 13:00:00,Panel_A,818.52,0.2944,0.7648,-0.4704,0.0,33.5
2025-01-29 13:00:00,Panel_B,818.52,0.2862,1.1942,-0.908,0.0,33.9
2025-01-29 13:00:00,Panel_C,818.52,0.3064,0.6474,-0.3409,0.0,29.0
2025-01-29 14:00:00,Panel_A,655.11,0.2287,1.0461,-0.8174,0.0,33.9
2025-01-29 14:00:00,Panel_B,655.11,0.2206,0.8514,-0.6307,0.0,30.9
2025-01-29 14:00:00,Panel_C,655.11,0.2556,0.8919,-0.6363,0.0,28.8
2025-01-29 15:00:00,Panel_A,488.11,0.1758,1.0689,-0.8931,0.0,29.8
2025-01-29 15:00:00,Panel_B,488.11,0.1726,1.1527,-0.9801,0.0,37.1
2025-01-29 15:00:00,Panel_C,488.11,0.183,0.7583,-0.5753,0.0,22.4
2025-01-29 16:00:00,Panel_A,366.01,0.132,1.1538,-1.0218,0.0,23.3
2025-01-29 16:00:00,Panel_B,366.01,0.1253,0.7682,-0.6429,0.0,34.3
2025-01-29 16:00:00,Panel_C,366.01,0.1316,0.8194,-0.6878,0.0,23.1
2025-01-29 17:00:00,Panel_A,291.78,0.0963,0.6032,-0.5069,0.0,31.0
2025-01-29 17:00:00,Panel_B,291.78,0.1107,1.1564,-1.0457,0.0,36.4
2025-01-29 17:00:00,Panel_C,291.78,0.1135,1.1623,-1.0488,0.0,24.4
2025-01-29 18:00:00,Panel_A,164.06,0.0553,3.3426,-3.2873,0.0,37.5
2025-01-29 18:00:00,Panel_B,164.06,0.0569,2.014,-1.9571,0.0,28.0
2025-01-29 18:00:00,Panel_C,164.06,0.0654,2.0691,-2.0037,0.0,29.8
2025-01-29 19:00:00,Panel_A,0.0,0.0,2.9198,-2.9198,0.0,35.6
2025-01-29 19:00:00,Panel_B,0.0,0.0,2.9929,-2.9929,0.0,27.8
2025-01-29 19:00:00,Panel_C,0.0,0.0004,2.4268,-2.4263,0.0,20.8
2025-01-29 20:00:00,Panel_A,0.0,0.0,3.0028,-3.0028,0.0,35.5
2025-01-29 20:00:00,Panel_B,0.0,0.002,3.2801,-3.2781,0.0,36.5
2025-01-29 20:00:00,Panel_C,0.0,0.0,2.3979,-2.3979,0.0,36.3
2025-01-29 21:00:00,Panel_A,0.0,0.0028,2.0758,-2.073,0.0,20.8
2025-01-29 21:00:00,Panel_B,0.0,0.0,3.0806,-3.0806,0.0,28.0
2025-01-29 21:00:00,Panel_C,0.0,0.0,3.0049,-3.0049,0.0,20.0
2025-01-29 22:00:00,Panel_A,0.0,0.0,3.2088,-3.2088,0.0,21.4
2025-01-29 22:00:00,Panel_B,0.0,0.0,2.7273,-2.7273,0.0,26.4
2025-01-29 22:00:00,Panel_C,0.0,0.0,2.4811,-2.4811,0.0,37.4
2025-01-29 23:00:00,Panel_A,0.0,0.0,0.8011,-0.8011,0.0,35.8
2025-01-29 23:00:00,Panel_B,0.0,0.0002,0.711,-0.7108,0.0,21.7
2025-01-29 23:00:00,Panel_C,0.0,0.0029,0.8992,-0.8963,0.0,21.0
2025-01-30 00:00:00,Panel_A,0.0,0.0071,0.1281,-0.121,0.0,31.2
2025-01-30 00:00:00,Panel_B,0.0,0.0001,0.209,-0.2089,0.0,25.1
2025-01-30 00:00:00,Panel_C,0.0,0.0,0.2897,-0.2897,0.0,35.2
2025-01-30 01:00:00,Panel_A,0.0,0.0,0.1212,-0.1212,0.0,28.9
2025-01-30 01:00:00,Panel_B,0.0,0.001,0.1321,-0.1311,0.0,37.6
2025-01-30 01:00:00,Panel_C,0.0,0.0,0.1728,-0.1728,0.0,31.5
2025-01-30 02:00:00,Panel_A,0.0,0.0,0.1258,-0.1258,0.0,27.7
2025-01-30 02:00:00,Panel_B,0.0,0.0029,0.1081,-0.1053,0.0,36.4
2025-01-30 02:00:00,Panel_C,0.0,0.0,0.2666,-0.2666,0.0,25.4
2025-01-30 03:00:00,Panel_A,0.0,0.0001,0.1607,-0.1605,0.0,26.5
2025-01-30 03:00:00,Panel_B,0.0,0.0026,0.1133,-0.1107,0.0,37.8
2025-01-30 03:00:00,Panel_C,0.0,0.0005,0.1885,-0.188,0.0,37.1
2025-01-30 04:00:00,Panel_A,0.0,0.0,0.1492,-0.1492,0.0,29.6
2025-01-30 04:00:00,Panel_B,0.0,0.0094,0.1136,-0.1042,0.0,23.5
2025-01-30 04:00:00,Panel_C,0.0,0.0,0.1429,-0.1429,0.0,33.3
2025-01-30 05:00:00,Panel_A,0.0,0.0015,0.143,-0.1415,0.0,35.5
2025-01-30 05:00:00,Panel_B,0.0,0.0,0.2884,-0.2884,0.0,29.3
2025-01-30 05:00:00,Panel_C,0.0,0.0,0.11,-0.11,0.0,24.8
2025-01-30 06:00:00,Panel_A,149.83,0.0562,1.1608,-1.1046,0.0,27.1
2025-01-30 06:00:00,Panel_B,149.83,0.0629,0.9857,-0.9228,0.0,28.8
2025-01-30 06:00:00,Panel_C,149.83,0.0482,0.8185,-0.7703,0.0,28.5
2025-01-30 07:00:00,Panel_A,293.09,0.107,1.8293,-1.7223,0.0,20.8
2025-01-30 07:00:00,Panel_B,293.09,0.1033,1.9963,-1.893,0.0,29.8
2025-01-30 07:00:00,Panel_C,293.09,0.1139,2.4849,-2.371,0.0,37.0
2025-01-30 08:00:00,Panel_A,383.89,0.1397,2.2045,-2.0648,0.0,28.2
2025-01-30 08:00:00,Panel_B,383.89,0.1332,2.0406,-1.9074,0.0,35.3
2025-01-30 08:00:00,Panel_C,383.89,0.1344,1.9932,-1.8589,0.0,30.4
2025-01-30 09:00:00,Panel_A,536.0,0.1985,1.5995,-1.401,0.0,30.9
2025-01-30 09:00:00,Panel_B,536.0,0.1948,1.621,-1.4261,0.0,21.4
2025-01-30 09:00:00,Panel_C,536.0,0.1915,2.0888,-1.8973,0.0,21.6
2025-01-30 10:00:00,Panel_A,713.7,0.2507,1.191,-0.9403,0.0,30.1
2025-01-30 10:00:00,Panel_B,713.7,0.2485,0.9812,-0.7327,0.0,25.9
2025-01-30 10:00:00,Panel_C,713.7,0.2682,0.9549,-0.6867,0.0,20.4
2025-01-30 11:00:00,Panel_A,684.28,0.2471,0.6948,-0.4476,0.0,21.1
2025-01-30 11:00:00,Panel_B,684.28,0.2463,0.6137,-0.3674,0.0,36.1
2025-01-30 11:00:00,Panel_C,684.28,0.2545,0.5459,-0.2914,0.0,32.4
2025-01-30 12:00:00,Panel_A,841.03,0.2932,0.7545,-0.4613,0.0,23.9
2025-01-30 12:00:00,Panel_B,841.03,0.3016,0.9687,-0.6671,0.0,37.5
2025-01-30 12:00:00,Panel_C,841.03,0.3214,0.7969,-0.4755,0.0,28.0
2025-01-30 13:00:00,Panel_A,708.18,0.2585,0.8397,-0.5811,0.0,29.8
2025-01-30 13:00:00,Panel_B,708.18,0.2451,0.7133,-0.4682,0.0,23.3
2025-01-30 13:00:00,Panel_C,708.18,0.2703,0.6374,-0.367,0.0,32.4
2025-01-30 14:00:00,Panel_A,655.98,0.2292,0.8284,-0.5992,0.0,26.6
2025-01-30 14:00:00,Panel_B,655.98,0.2206,0.5704,-0.3498,0.0,25.6
2025-01-30 14:00:00,Panel_C,655.98,0.2555,0.7004,-0.4449,0.0,28.3
2025-01-30 15:00:00,Panel_A,615.46,0.2187,0.5161,-0.2974,0.0,36.1
2025-01-30 15:00:00,Panel_B,615.46,0.2124,0.6475,-0.4351,0.0,24.1
2025-01-30 15:00:00,Panel_C,615.46,0.2306,0.9475,-0.7169,0.0,21.4
2025-01-30 16:00:00,Panel_A,397.03,0.1447,0.7378,-0.593,0.0,32.7
2025-01-30 16:00:00,Panel_B,397.03,0.1344,0.8902,-0.7558,0.0,24.6
2025-01-30 16:00:00,Panel_C,397.03,0.1468,0.8755,-0.7287,0.0,27.9
2025-01-30 17:00:00,Panel_A,304.42,0.113,1.1099,-0.997,0.0,38.0
2025-01-30 17:00:00,Panel_B,304.42,0.099,0.9254,-0.8264,0.0,27.3
2025-01-30 17:00:00,Panel_C,304.42,0.112,0.8356,-0.7236,0.0,26.6
2025-01-30 18:00:00,Panel_A,142.34,0.0501,2.5602,-2.5101,0.0,26.9
2025-01-30 18:00:00,Panel_B,142.34,0.0534,3.2549,-3.2015,0.0,31.7
2025-01-30 18:00:00,Panel_C,142.34,0.0462,3.2269,-3.1806,0.0,20.7
2025-01-30 19:00:00,Panel_A,0.0,0.0054,3.3062,-3.3008,0.0,29.2
2025-01-30 19:00:00,Panel_B,0.0,0.0,3.0011,-3.0011,0.0,20.2
2025-01-30 19:00:00,Panel_C,0.0,0.0,3.3073,-3.3073,0.0,28.0
2025-01-30 20:00:00,Panel_A,0.0,0.0,2.6592,-2.6592,0.0,28.9
2025-01-30 20:00:00,Panel_B,0.0,0.0,2.6055,-2.6055,0.0,32.2
2025-01-30 20:00:00,Panel_C,0.0,0.0025,2.8989,-2.8964,0.0,34.5
2025-01-30 21:00:00,Panel_A,0.0,0.0,2.164,-2.164,0.0,27.2
2025-01-30 21:00:00,Panel_B,0.0,0.004,3.2917,-3.2877,0.0,21.4
2025-01-30 21:00:00,Panel_C,0.0,0.0,2.1089,-2.1089,0.0,35.3
2025-01-30 22:00:00,Panel_A,0.0,0.0032,2.8143,-2.8111,0.0,35.0
2025-01-30 22:00:00,Panel_B,0.0,0.0,2.1876,-2.1876,0.0,22.3
2025-01-30 22:00:00,Panel_C,0.0,0.0032,2.6225,-2.6193,0.0,25.9
2025-01-30 23:00:00,Panel_A,0.0,0.0004,0.9247,-0.9243,0.0,36.7
2025-01-30 23:00:00,Panel_B,0.0,0.0059,0.6997,-0.6938,0.0,24.3
2025-01-30 23:00:00,Panel_C,0.0,0.002,1.0509,-1.0489,0.0,21.0
